Iteration	Posterior	Likelihood	Prior	rate_log_sd	rate_neo	tree_length
0	-1834.43	-2117.609	283.1789	1.157697	0.1530886	3.50688
6	-1847.22	-2130.269	283.0492	1.200532	0.1961806	3.476278
12	-1853.979	-2135.021	281.0424	1.138988	0.2169929	4.622384
18	-1859.867	-2143.353	283.4862	1.430505	0.2169929	3.046255
24	-1830.56	-2113.917	283.3571	1.432057	0.1205213	3.311926
30	-1820.248	-2102.813	282.5648	1.190372	0.2215774	3.720482
36	-1830.686	-2113.247	282.5611	1.121548	0.1546162	3.882021
42	-1822.065	-2103.931	281.8657	1.116585	0.2007326	4.197432
48	-1823.651	-2105.121	281.4706	1.005813	0.1767234	4.525026
54	-1832.382	-2114.32	281.9383	1.277873	0.09959593	4.267856
60	-1832.616	-2115.558	282.9427	1.314958	0.1844494	3.49272
66	-1849.489	-2133.711	284.222	1.394704	0.1335675	2.787004
72	-1836.896	-2121.085	284.1889	1.394704	0.1754395	2.718781
78	-1855.17	-2139.342	284.1724	1.515331	0.1914625	2.623801
84	-1841.543	-2125.718	284.1747	1.41829	0.1587732	2.746815
90	-1824.849	-2109.02	284.1706	1.483327	0.1413818	2.746815
96	-1828.436	-2111.552	283.1164	1.140168	0.1951579	3.474095
102	-1837.338	-2120.786	283.4477	1.370602	0.2704167	3.020115
108	-1831.875	-2115.574	283.6984	1.353582	0.1861907	3.020115
114	-1844.715	-2128.151	283.4357	1.245306	0.2036318	3.209596
120	-1858.095	-2143.09	284.9949	1.554893	0.1968848	2.064701
126	-1847.7	-2132.662	284.962	1.488421	0.2400574	2.049321
132	-1837.684	-2119.302	281.618	1.060681	0.1692029	4.424952
138	-1843.351	-2127.389	284.0381	1.556617	0.2116259	2.644178
144	-1836.696	-2120.761	284.0647	1.581073	0.1943974	2.644178
150	-1836.335	-2121.084	284.749	1.581073	0.1767672	2.248434
156	-1839.674	-2123.903	284.2292	1.58801	0.1208723	2.693933
162	-1847.951	-2131.007	283.0552	1.435101	0.1919876	3.342795
168	-1845.037	-2127.525	282.4882	1.153619	0.2169923	3.793376
174	-1845.012	-2126.393	281.3809	1.092289	0.2209237	4.452165
180	-1845.064	-2128.218	283.1539	1.221368	0.1825373	3.42747
186	-1834.915	-2115.851	280.9355	1.122308	0.1519661	4.805801
192	-1834.502	-2116.782	282.28	1.206123	0.1356681	4.033215
198	-1831.915	-2112.471	280.5554	0.9344457	0.1470189	5.131243
204	-1837.399	-2116.817	279.4174	0.8365631	0.1585573	5.789472
210	-1832.817	-2115.636	282.8185	1.19638	0.1676271	3.665261
216	-1829.616	-2113.577	283.9614	1.19638	0.2180258	2.899555
222	-1828.418	-2110.865	282.4473	1.183867	0.160273	3.900484
228	-1840.448	-2122.075	281.6268	1.081916	0.2465424	4.279789
234	-1837.786	-2120.329	282.5426	1.202593	0.2075536	3.749482
240	-1837.913	-2120.425	282.5118	1.045881	0.1919226	3.884268
246	-1838.341	-2119.219	280.8783	1.111433	0.1400841	4.867313
252	-1821.563	-2105.224	283.6606	1.444213	0.1155561	3.13674
258	-1826.491	-2108.84	282.3489	1.234751	0.2820778	3.728442
264	-1826.589	-2107.361	280.7729	0.9650395	0.2167767	4.870565
270	-1828.696	-2109.654	280.9586	1.032911	0.1165176	4.916151
276	-1844.96	-2126.976	282.0155	1.102306	0.3213545	3.943809
282	-1840.738	-2123.69	282.9512	1.107052	0.2022917	3.577171
288	-1835.62	-2119.292	283.6726	1.273441	0.1655307	3.123083
294	-1832.317	-2114.892	282.5741	1.220243	0.1780184	3.773125
300	-1833.003	-2116.928	283.9253	1.436804	0.1001137	3.021044
306	-1828.783	-2113.185	284.4016	1.354861	0.118461	2.736986
312	-1835.953	-2120.592	284.639	1.451876	0.1396115	2.480542
318	-1831.337	-2116.353	285.0154	1.579838	0.1396115	2.158981
324	-1829.076	-2113.679	284.6032	1.602773	0.1957855	2.290044
330	-1824.252	-2108.325	284.0731	1.323976	0.1637113	2.855907
336	-1843.738	-2126.498	282.7606	1.321629	0.2491525	3.48717
342	-1849.19	-2133.106	283.9153	1.329588	0.2003153	2.878062
348	-1862.122	-2145.063	282.941	1.053409	0.2248592	3.576533
354	-1827.718	-2110.141	282.4225	1.219291	0.2603051	3.726095
360	-1829.01	-2111.922	282.9118	1.186037	0.1956555	3.565712
366	-1819.693	-2100.953	281.2599	1.038237	0.201391	4.582372
372	-1822.076	-2103.332	281.2562	1.082976	0.1878846	4.582372
378	-1815.48	-2098.51	283.0296	1.004246	0.1878846	3.616688
384	-1821.356	-2104.512	283.1567	1.322149	0.2469906	3.257686
390	-1813.852	-2097.102	283.2505	1.154175	0.1950194	3.387653
396	-1827.712	-2110.504	282.7917	1.129118	0.1494677	3.755304
402	-1829.94	-2112.117	282.177	1.124115	0.2581239	3.925276
408	-1840.28	-2123.091	282.8112	1.099108	0.171976	3.717457
414	-1843.401	-2125.383	281.9829	1.239971	0.2568356	3.971992
420	-1857.887	-2141.621	283.734	1.395375	0.1709512	3.002892
426	-1856.219	-2139.543	283.3242	1.136232	0.2449408	3.271725
432	-1837.749	-2118.384	280.6355	0.9847153	0.1801446	4.997304
438	-1827.546	-2108.03	280.4843	0.9523084	0.1567477	5.14194
444	-1826.16	-2107.805	281.6452	1.188511	0.1627943	4.349443
450	-1830.811	-2112.495	281.6846	1.028196	0.1943234	4.360947
456	-1835.26	-2119.003	283.7424	1.209595	0.2011182	3.052761
462	-1819.488	-2101.903	282.4145	1.260416	0.2294215	3.754193
468	-1831.112	-2112.562	281.4501	1.102741	0.2136959	4.418862
474	-1841.269	-2122.842	281.5734	1.063659	0.2113896	4.375125
480	-1841.485	-2123.966	282.4812	1.270222	0.1817066	3.791118
486	-1835.366	-2118.146	282.7799	1.184528	0.186418	3.659575
492	-1841.441	-2124.142	282.7012	1.17706	0.1376718	3.804232
498	-1821.384	-2102.642	281.2582	0.9552747	0.1707625	4.683387
504	-1826.124	-2107.185	281.061	0.968792	0.1914373	4.749515
510	-1823.921	-2107.383	283.4628	1.297309	0.192377	3.182783
516	-1817.172	-2101.69	284.5185	1.309198	0.1653815	2.588665
522	-1815.717	-2099.191	283.4733	1.314759	0.142098	3.264804
528	-1823.283	-2108.36	285.0768	1.431438	0.2137345	2.059368
534	-1832.419	-2117.903	285.4834	1.592907	0.2481996	1.602708
540	-1834.026	-2118.811	284.7844	1.343795	0.2500284	2.242258
546	-1834.504	-2117.92	283.416	1.263511	0.1635649	3.284924
552	-1838.863	-2118.704	279.841	0.9751441	0.1675473	5.464414
558	-1830.137	-2109.98	279.8431	0.9995291	0.1675473	5.449877
564	-1814.793	-2095.987	281.194	1.050142	0.1520755	4.701454
570	-1822.325	-2105.349	283.024	1.173225	0.2460778	3.424677
576	-1836.428	-2118.819	282.391	1.061371	0.182653	3.961079
582	-1811.231	-2091.786	280.5552	0.9745244	0.1491821	5.104866
588	-1817.44	-2099.208	281.7689	1.124333	0.2315189	4.198051
594	-1814.359	-2097.469	283.1106	1.448523	0.133295	3.418408
600	-1823.311	-2104.182	280.8713	1.009902	0.1425731	4.922716
606	-1830.122	-2111.304	281.1819	0.947961	0.1726615	4.726698
612	-1835.68	-2118.936	283.2569	1.328959	0.2049668	3.263506
618	-1825.385	-2107.988	282.6036	1.133724	0.197796	3.770699
624	-1829.852	-2112.77	282.9179	1.166648	0.1947716	3.574977
630	-1839.465	-2122.29	282.8253	1.109361	0.2167591	3.624526
636	-1845.72	-2127.939	282.2189	1.087991	0.1517002	4.102595
642	-1836.646	-2118.678	282.0324	1.193038	0.1405749	4.171431
648	-1838.851	-2120.394	281.5433	0.9684814	0.1405749	4.574354
654	-1826.102	-2107.583	281.481	1.123114	0.2273697	4.368164
660	-1831.189	-2113.54	282.3516	1.296118	0.2329976	3.764273
666	-1835.303	-2118.572	283.269	1.363261	0.1543696	3.331135
672	-1840.656	-2123.26	282.6035	1.309666	0.2159208	3.638349
678	-1838.552	-2120.459	281.9077	1.204267	0.2006784	4.123798
684	-1838.87	-2120.449	281.5791	1.31511	0.1194031	4.404067
690	-1825.351	-2109.289	283.9382	1.437525	0.143889	2.910311
696	-1836.566	-2117.813	281.2465	1.139764	0.228438	4.489333
702	-1842.388	-2125.784	283.3966	1.298355	0.1371814	3.330254
708	-1850.876	-2134.138	283.2629	1.229554	0.1371814	3.449045
714	-1842.572	-2123.361	280.7893	0.899133	0.1889381	4.94413
720	-1833.501	-2116.322	282.8214	1.09089	0.1607254	3.737905
726	-1838.84	-2120.2	281.3606	1.009629	0.1916532	4.558402
732	-1830.285	-2112.185	281.9002	1.042605	0.2908202	4.083908
738	-1843.505	-2125.908	282.4039	1.031071	0.2471509	3.864847
744	-1832.877	-2115.665	282.7872	1.182777	0.1985642	3.634862
750	-1823.373	-2107.702	284.3292	1.466919	0.1264861	2.693573
756	-1827.787	-2112.159	284.3721	1.385221	0.1264861	2.71741
762	-1826.137	-2110.278	284.1413	1.348186	0.2068376	2.71741
768	-1817.077	-2100.688	283.6115	1.436896	0.1595204	3.074138
774	-1823.434	-2106.455	283.0202	1.180663	0.1610995	3.569996
780	-1829.174	-2110.615	281.4418	1.24057	0.1959733	4.375291
786	-1820.057	-2103.377	283.3202	1.209305	0.1700214	3.360609
792	-1827.924	-2110.632	282.708	1.362822	0.1374914	3.693499
798	-1828.354	-2112.482	284.1281	1.443416	0.1139482	2.860514
804	-1831.237	-2115.134	283.8961	1.426137	0.1844875	2.860514
810	-1843.045	-2127.219	284.1735	1.484252	0.1696613	2.684845
816	-1836.858	-2121.694	284.8355	1.526608	0.1696613	2.242702
822	-1847.458	-2129.498	282.0404	1.245071	0.2639008	3.925807
828	-1857.46	-2139.63	282.1697	1.109282	0.2664727	3.925807
834	-1838.581	-2122.379	283.7982	1.258327	0.1608969	3.066485
840	-1850.178	-2133.625	283.4473	1.245349	0.185782	3.234763
846	-1852.583	-2134.127	281.5441	1.118934	0.1797119	4.414619
852	-1844.583	-2127.898	283.315	1.215963	0.3102464	3.135008
858	-1830.512	-2113.839	283.3276	1.312988	0.1941932	3.250225
864	-1831.859	-2113.405	281.5454	1.048845	0.2072364	4.406069
870	-1828.464	-2111.278	282.8135	1.364713	0.1389398	3.628248
876	-1826.673	-2107.459	280.7858	1.136426	0.241644	4.729431
882	-1827.99	-2110.013	282.0225	1.078185	0.1812103	4.164207
888	-1831.967	-2113.863	281.8957	1.042113	0.1812103	4.256615
894	-1830.446	-2112.03	281.5836	1.122232	0.2491524	4.277492
900	-1842.676	-2124.914	282.2385	1.122469	0.1819803	4.014549
906	-1813.25	-2096.835	283.5857	1.288916	0.2422228	3.029837
912	-1832.44	-2115.593	283.1529	1.245074	0.1471288	3.48329
918	-1824.802	-2104.92	280.1176	1.011757	0.1471288	5.330325
924	-1840.399	-2121.937	281.538	1.095556	0.1546375	4.477947
930	-1835.677	-2119.882	284.2048	1.374777	0.1432783	2.788003
936	-1837.155	-2121.692	284.5367	1.335252	0.1759279	2.539759
942	-1825.127	-2107.405	282.2783	1.231117	0.1172618	4.060045
948	-1834.428	-2116.547	282.1191	0.9853341	0.2332498	4.075251
954	-1833.077	-2114.518	281.4414	1.011669	0.2144144	4.473901
960	-1835.574	-2118.616	283.0413	1.246172	0.2245107	3.406078
966	-1833.994	-2115.371	281.3762	0.9700374	0.155755	4.637173
972	-1847.161	-2129.516	282.3545	1.119412	0.1748599	3.962995
978	-1835.94	-2118.892	282.9524	1.141582	0.1826008	3.591394
984	-1836.33	-2119.62	283.2901	1.232386	0.2475688	3.230984
990	-1827.326	-2111.352	284.026	1.408738	0.1693595	2.821693
996	-1843.989	-2127.705	283.7153	1.448063	0.1600964	3.00414
1002	-1857.465	-2141.149	283.6839	1.448063	0.1568399	3.029593
1008	-1833.567	-2117.532	283.9646	1.261214	0.1845774	2.918678
1014	-1831.139	-2114.958	283.8187	1.285559	0.1866484	2.987925
1020	-1829.023	-2113.204	284.1819	1.478114	0.1347765	2.75785
1026	-1842.043	-2126.674	284.6304	1.602335	0.1188295	2.440849
1032	-1836.706	-2120.555	283.8485	1.344685	0.1254521	3.060942
1038	-1838.181	-2121.99	283.809	1.337472	0.269558	2.823392
1044	-1860.703	-2143.132	282.4283	1.105507	0.1602771	3.95628
1050	-1836.386	-2120.205	283.8184	1.371582	0.1849868	2.939467
1056	-1830.162	-2113.905	283.7426	1.459083	0.1849868	2.932423
1062	-1818.521	-2101.096	282.5745	1.144864	0.1849868	3.803674
1068	-1845.501	-2128.653	283.1523	1.229081	0.1851592	3.419097
1074	-1839.076	-2120.327	281.2511	0.9332919	0.2164462	4.621617
1080	-1840.155	-2121.617	281.4619	1.183739	0.117098	4.549133
1086	-1839.421	-2121.348	281.9268	1.132771	0.2434523	4.085127
1092	-1842.354	-2125.704	283.3503	1.21084	0.183509	3.316569
1098	-1834.003	-2118.266	284.2625	1.363256	0.1548956	2.734853
1104	-1837.62	-2121.558	283.9381	1.45686	0.2301127	2.734853
1110	-1834.485	-2117.392	282.9076	1.116605	0.1522906	3.689908
1116	-1823.429	-2107.286	283.8564	1.328252	0.1725817	2.966497
1122	-1831.79	-2114.824	283.0332	1.255756	0.1733527	3.49507
1128	-1828.042	-2113.31	285.2679	1.577663	0.1733527	1.916258
1134	-1834.632	-2118.938	284.3065	1.483354	0.2096089	2.526811
1140	-1840.362	-2123.941	283.5789	1.271897	0.1678481	3.175179
1146	-1845.69	-2129.225	283.5349	1.231718	0.194437	3.175179
1152	-1855.567	-2138.013	282.4466	1.300744	0.2293239	3.71255
1158	-1846.545	-2127.787	281.2425	1.033317	0.2056456	4.587843
1164	-1831.415	-2114.6	283.1854	1.414536	0.1982019	3.267111
1170	-1838.062	-2121.873	283.8108	1.340721	0.2130177	2.912003
1176	-1838.314	-2121.846	283.5322	1.331762	0.1639903	3.174945
1182	-1833.074	-2116.56	283.4865	1.29216	0.1906271	3.174945
1188	-1833.709	-2117.771	284.0617	1.443563	0.188807	2.740968
1194	-1835.838	-2119.333	283.4945	1.307591	0.188807	3.164337
1200	-1832.843	-2115.023	282.1807	1.167191	0.2406444	3.924714
1206	-1836.029	-2118.36	282.331	1.295545	0.4095177	3.545757
1212	-1827.462	-2111.47	284.0081	1.394723	0.1752539	2.829418
1218	-1823.679	-2106.608	282.9295	1.3009	0.231841	3.427635
1224	-1820.604	-2103.391	282.7871	1.260872	0.1528055	3.675139
1230	-1824.75	-2107.63	282.8797	1.288669	0.2554713	3.427224
1236	-1833.559	-2116.954	283.3948	1.202599	0.2332779	3.209265
1242	-1826.608	-2110.108	283.5001	1.368575	0.1458347	3.209265
1248	-1823.502	-2108.578	285.0753	1.739968	0.1253917	2.049471
1254	-1829.241	-2114.096	284.8547	1.536671	0.1253917	2.324325
1260	-1831.851	-2116.645	284.794	1.637599	0.1431042	2.256547
1266	-1834.68	-2118.147	283.4676	1.303078	0.1805044	3.198415
1272	-1842.533	-2125.876	283.3436	1.3309	0.2072667	3.207114
1278	-1850.842	-2135.358	284.516	1.435745	0.2731579	2.317618
1284	-1828.318	-2112.322	284.0038	1.395257	0.1877576	2.807695
1290	-1830.887	-2114.96	284.0729	1.415912	0.1877576	2.752966
1296	-1828.908	-2112.631	283.7226	1.389706	0.2033917	2.952577
1302	-1836.154	-2120.171	284.0176	1.284618	0.2739182	2.721803
1308	-1832.025	-2116.232	284.2069	1.576988	0.2556575	2.451748
1314	-1842.889	-2127.186	284.2974	1.407987	0.1307727	2.739237
1320	-1847.431	-2131.143	283.7122	1.386773	0.1454596	3.073069
1326	-1840.865	-2125.298	284.4329	1.497277	0.1261419	2.611779
1332	-1841.414	-2124.889	283.475	1.407719	0.2110539	3.076736
1338	-1845.359	-2128.894	283.5356	1.29052	0.2611862	3.029299
1344	-1836.466	-2121.907	285.4402	1.724798	0.1504776	1.749532
1350	-1845.584	-2128.144	282.5593	1.146034	0.2107469	3.767068
1356	-1832.145	-2114.77	282.6256	1.108968	0.2008162	3.767068
1362	-1824.496	-2105.483	280.9877	0.9858416	0.1541068	4.848658
1368	-1816.051	-2096.958	280.9072	1.013519	0.1728865	4.843014
1374	-1835.446	-2119.014	283.5679	1.322856	0.2230606	3.051489
1380	-1825.766	-2106.738	280.9719	0.9461477	0.1536998	4.880361
1386	-1831.839	-2112.604	280.7651	0.9548993	0.2031033	4.902688
1392	-1831.593	-2113.39	281.7973	1.029811	0.2156159	4.260792
1398	-1833.361	-2115.249	281.8884	1.155823	0.1658545	4.224537
1404	-1831.201	-2112.887	281.6868	1.155823	0.2945208	4.135979
1410	-1853.379	-2134.852	281.4725	1.037299	0.1840227	4.493267
1416	-1843.497	-2123.953	280.4559	1.12006	0.1425773	5.092263
1422	-1844.612	-2125.013	280.4007	1.147069	0.1505327	5.092263
1428	-1831.7	-2114.301	282.6009	1.323707	0.2613483	3.56066
1434	-1835.363	-2118.976	283.6127	1.402036	0.1488613	3.116121
1440	-1827.012	-2111.515	284.5032	1.246131	0.2047511	2.560867
1446	-1826.157	-2108.433	282.276	1.274918	0.2047511	3.866029
1452	-1827.197	-2109.7	282.5025	1.157831	0.1695458	3.866029
1458	-1836.049	-2118.472	282.4235	1.163999	0.1953804	3.861096
1464	-1852.811	-2135.915	283.1037	1.413173	0.09551127	3.531574
1470	-1845.26	-2128.687	283.4263	1.197123	0.2788457	3.124038
1476	-1835.088	-2119.096	284.0084	1.329039	0.2274543	2.774442
1482	-1843.069	-2127.565	284.4952	1.493764	0.1929085	2.433291
1488	-1836.731	-2119.318	282.5873	1.231074	0.1693471	3.775484
1494	-1844.167	-2127.375	283.2074	1.311153	0.1028114	3.512492
1500	-1827.481	-2110.473	282.992	1.311153	0.1985241	3.440941
1506	-1838.003	-2121.24	283.2363	1.529829	0.1907425	3.182132
1512	-1837.205	-2119.518	282.3132	1.258912	0.2039419	3.855206
1518	-1831.34	-2114.706	283.3655	1.213439	0.209959	3.258972
1524	-1827.276	-2108.313	281.0371	1.147771	0.1945005	4.657519
1530	-1834.161	-2115.486	281.325	1.25064	0.1711143	4.479471
1536	-1835.511	-2116.98	281.4691	1.133202	0.1983368	4.416404
1542	-1821.515	-2104.713	283.198	1.199928	0.1983368	3.385719
1548	-1831.927	-2115.531	283.604	1.21945	0.1983368	3.134385
1554	-1829.357	-2113.015	283.6577	1.34301	0.2729599	2.906554
1560	-1814.88	-2098.383	283.5032	1.34301	0.1679256	3.177711
1566	-1827.575	-2110.242	282.667	1.304744	0.2895455	3.492779
1572	-1820.043	-2102.497	282.4534	1.187402	0.1734525	3.869927
1578	-1839.002	-2121.779	282.7773	1.129926	0.2187962	3.637056
1584	-1825.193	-2107.546	282.3522	1.104343	0.1736184	3.975186
1590	-1832.604	-2116.739	284.1347	1.493761	0.1388905	2.767888
1596	-1829.393	-2113.152	283.7584	1.311799	0.1713005	3.037639
1602	-1848.29	-2132.21	283.9202	1.219389	0.1179965	3.110244
1608	-1842.347	-2124.137	281.7907	1.178402	0.1315638	4.335472
1614	-1848.736	-2130.151	281.4148	1.281973	0.136292	4.479153
1620	-1830.861	-2112.062	281.2018	0.9701857	0.2605675	4.561894
1626	-1837.033	-2116.093	279.0608	0.8656637	0.1499137	5.984751
1632	-1840.853	-2120.113	279.2599	0.8916366	0.1950236	5.781497
1638	-1829.457	-2111.106	281.649	1.067167	0.190432	4.365754
1644	-1819.631	-2102.727	283.0964	1.163148	0.1777472	3.503961
1650	-1820.665	-2103.539	282.8737	1.274892	0.1321504	3.659922
1656	-1830.394	-2112.786	282.3921	1.02833	0.2834401	3.820634
1662	-1825.212	-2108.101	282.8888	1.278328	0.1919253	3.531992
1668	-1841.107	-2124.108	283.0012	1.289927	0.1537914	3.531992
1674	-1840.99	-2123.703	282.7129	1.233357	0.1862924	3.670333
1680	-1831.503	-2112.823	281.3194	1.072036	0.2017259	4.529407
1686	-1835.095	-2117.636	282.5407	1.106591	0.2017259	3.815799
1692	-1833.078	-2116.185	283.1063	1.06655	0.1878547	3.535967
1698	-1837.539	-2119.83	282.2908	1.080592	0.1710243	4.028663
1704	-1835.17	-2115.402	280.2322	0.9162416	0.1975845	5.228938
1710	-1840.775	-2123.869	283.0939	1.17694	0.1975443	3.461529
1716	-1830.876	-2113.59	282.7141	1.17996	0.2871986	3.54134
1722	-1827.518	-2110.299	282.7812	1.234416	0.1977118	3.609873
1728	-1821.932	-2104.572	282.6397	1.118488	0.1859322	3.779578
1734	-1826.762	-2109.409	282.647	1.257179	0.2369901	3.609618
1740	-1837.658	-2121.106	283.4488	1.306556	0.18995	3.189994
1746	-1837.36	-2121.842	284.482	1.380592	0.1303317	2.643738
1752	-1835.116	-2119.098	283.9825	1.339118	0.1627541	2.90352
1758	-1839.875	-2122.037	282.162	1.125526	0.1896826	4.042795
1764	-1842.548	-2124.694	282.1457	1.157036	0.2842526	3.887105
1770	-1849.343	-2132.523	283.1798	1.199023	0.1653642	3.457893
1776	-1846.877	-2129.772	282.8944	1.123267	0.1985837	3.607178
1782	-1841.708	-2124.481	282.7729	1.113974	0.1985837	3.682956
1788	-1829.41	-2113.701	284.2918	1.363589	0.1681587	2.689337
1794	-1836.984	-2120.786	283.8017	1.309301	0.1964276	2.965848
1800	-1840.391	-2122.825	282.4333	1.204577	0.1565077	3.903982
1806	-1825.966	-2107.116	281.1503	1.178534	0.16782	4.624131
1812	-1826.725	-2109.13	282.4046	1.065919	0.16782	3.978084
1818	-1827.778	-2109.856	282.078	1.151622	0.187758	4.079187
1824	-1837.956	-2121.634	283.6778	1.374293	0.2290282	2.944726
1830	-1842.61	-2127.059	284.449	1.336168	0.187427	2.571174
1836	-1823.727	-2106.743	283.0161	1.303311	0.2372501	3.366826
1842	-1818.589	-2100.86	282.2713	1.073582	0.339546	3.790559
1848	-1809.739	-2090.781	281.0414	0.9821796	0.3026947	4.587765
1854	-1826.637	-2109.059	282.4219	1.001231	0.1592017	4.021607
1860	-1838.853	-2123.315	284.4623	1.350599	0.1509496	2.628263
1866	-1834.741	-2119.196	284.4543	1.334023	0.1966013	2.551742
1872	-1822.36	-2103.627	281.2671	0.9640448	0.1957638	4.629431
1878	-1826.672	-2109.209	282.5365	1.294076	0.2348582	3.655651
1884	-1829.18	-2112.653	283.4736	1.306539	0.1247852	3.307477
1890	-1820.166	-2103.113	282.9474	1.362979	0.2065584	3.422724
1896	-1827.295	-2110.377	283.0821	1.334229	0.1722516	3.422724
1902	-1821.356	-2104.455	283.0993	1.266297	0.1424457	3.511918
1908	-1818.292	-2100.807	282.5148	1.153971	0.1293646	3.942245
1914	-1820.952	-2102.978	282.0261	1.140558	0.1448925	4.195978
1920	-1842.047	-2125.109	283.0617	1.193828	0.1768938	3.507886
1926	-1850.1	-2134.045	283.9444	1.29879	0.1984206	2.882501
1932	-1837.682	-2121.572	283.8898	1.339093	0.2616923	2.785283
1938	-1829.928	-2114.45	284.5221	1.355804	0.2371541	2.423321
1944	-1827.633	-2110.483	282.8498	1.258827	0.1471596	3.651463
1950	-1833.42	-2115.489	282.0689	1.064324	0.2630666	4.014137
1956	-1828.636	-2111.006	282.3697	1.15283	0.1525039	3.97796
1962	-1833.898	-2115.727	281.8288	1.13334	0.1898886	4.227474
1968	-1832.853	-2115.771	282.9183	1.209915	0.2849186	3.407748
1974	-1841.862	-2122.287	280.425	1.262105	0.2517124	4.845904
1980	-1863.486	-2147.16	283.6738	1.264766	0.3275575	2.867153
1986	-1847.556	-2128.762	281.2068	1.031264	0.1902295	4.635039
1992	-1841.884	-2123.957	282.0737	1.002538	0.1950742	4.153719
1998	-1842.413	-2122.824	280.4111	1.046341	0.1309212	5.181675
2004	-1850.572	-2131.16	280.5878	1.124076	0.152941	4.996532
2010	-1838.489	-2119.098	280.6085	1.140746	0.1423754	4.996532
2016	-1852.623	-2135.686	283.0631	1.276236	0.1619656	3.487643
2022	-1847.25	-2130.621	283.371	1.261046	0.2449314	3.170145
2028	-1828.701	-2113.238	284.5366	1.386978	0.303872	2.288695
2034	-1844.722	-2127.489	282.7669	1.139374	0.263982	3.567438
2040	-1840.173	-2123.344	283.1707	1.285022	0.220203	3.314377
2046	-1831.106	-2115.922	284.8163	1.450324	0.1834698	2.275532
2052	-1842.776	-2127.504	284.7281	1.497727	0.1871091	2.294402
2058	-1840.13	-2124.893	284.763	1.452733	0.2179419	2.242127
2064	-1832.156	-2116.464	284.3083	1.302511	0.1639318	2.72524
2070	-1829.346	-2113.521	284.1744	1.233702	0.1753217	2.826076
2076	-1831.182	-2114.252	283.0695	1.196876	0.1381299	3.578757
2082	-1829.396	-2111.366	281.9698	1.082458	0.1381299	4.274702
2088	-1839.493	-2122.405	282.9115	1.082458	0.250198	3.53702
2094	-1828.571	-2110.2	281.6289	1.048423	0.1969796	4.376408
2100	-1832.27	-2116.473	284.2037	1.266919	0.1709101	2.796788
2106	-1832.869	-2117.586	284.7172	1.414905	0.1709101	2.386768
2112	-1827.143	-2111.901	284.7581	1.385038	0.205394	2.31186
2118	-1836.013	-2119.299	283.2863	1.333457	0.2864731	3.115273
2124	-1845.259	-2128.797	283.5388	1.169177	0.2044319	3.192227
2130	-1844.968	-2128.063	283.0948	1.271878	0.2037327	3.39463
2136	-1836.736	-2120.859	284.1228	1.330259	0.2231488	2.7111
2142	-1821.798	-2104.566	282.7673	1.218148	0.2302587	3.573057
2148	-1838.246	-2121.169	282.9226	1.175452	0.2171566	3.528845
2154	-1844.583	-2128.587	284.0046	1.318414	0.2078995	2.817081
2160	-1852.873	-2135.488	282.6147	1.342454	0.1520606	3.729149
2166	-1854.792	-2139.681	284.8896	1.434082	0.1437215	2.324202
2172	-1826.202	-2111.124	284.9219	1.468722	0.1220468	2.333045
2178	-1835.573	-2119.977	284.4035	1.427821	0.1795162	2.55793
2184	-1847.35	-2129.657	282.3065	1.124054	0.2251662	3.901559
2190	-1833.039	-2115.694	282.6548	1.082919	0.2115426	3.747066
2196	-1850.226	-2131.957	281.7306	1.114493	0.2764035	4.159304
2202	-1857.672	-2139.989	282.3167	1.107538	0.3012584	3.794115
2208	-1853.232	-2134.809	281.5767	1.020696	0.1672164	4.474432
2214	-1829.836	-2112.454	282.6182	1.149727	0.1597375	3.823007
2220	-1820.08	-2103.819	283.7391	1.135059	0.1922609	3.115157
2226	-1831.986	-2113.923	281.9378	0.9886625	0.235979	4.172253
2232	-1839.136	-2120.993	281.8573	1.000425	0.3099161	4.107057
2238	-1827.162	-2110.132	282.9705	1.112171	0.1930762	3.579109
2244	-1813.771	-2096.84	283.0695	1.082384	0.1711402	3.579109
2250	-1813.277	-2096.399	283.1217	1.136068	0.235326	3.406083
2256	-1821.241	-2106.583	285.3422	1.675282	0.155875	1.838846
2262	-1826.638	-2112.306	285.6677	1.620454	0.2080234	1.528678
2268	-1814.857	-2099.643	284.786	1.555107	0.2651363	2.078484
2274	-1820.882	-2106.095	285.2127	1.610232	0.1663922	1.946941
2280	-1828.281	-2112.594	284.3137	1.502487	0.2394204	2.45826
2286	-1815.855	-2100.442	284.5873	1.451031	0.22249	2.347375
2292	-1832.95	-2117.558	284.6082	1.451031	0.2506218	2.285518
2298	-1827.318	-2112.687	285.3688	1.431359	0.1690735	1.956308
2304	-1826.787	-2110.986	284.1989	1.426527	0.1468501	2.752284
2310	-1827.052	-2110.233	283.1802	1.2947	0.1108778	3.518541
2316	-1825.822	-2108.784	282.9612	1.08261	0.1765919	3.631604
2322	-1820.289	-2101.373	281.0844	1.188852	0.2087211	4.584267
2328	-1832.652	-2114.463	281.8107	1.047534	0.2789172	4.148344
2334	-1831.104	-2113.689	282.5857	1.063412	0.1910283	3.833331
2340	-1852.457	-2132.676	280.2188	1.138671	0.1804548	5.142504
2346	-1828.865	-2110.607	281.7421	1.110275	0.1804548	4.306332
2352	-1826.075	-2110.172	284.0968	1.298205	0.2477755	2.705714
2358	-1830.915	-2114.128	283.2131	1.336163	0.1805739	3.329037
2364	-1842.011	-2124.974	282.9634	1.207296	0.2378617	3.452993
2370	-1845.741	-2129.199	283.4575	1.554228	0.1896388	3.037826
2376	-1843.081	-2125.992	282.9115	1.474991	0.1647066	3.454679
2382	-1842.821	-2125.714	282.8923	1.354746	0.1647066	3.536042
2388	-1837.877	-2121.935	284.0584	1.308889	0.1586094	2.884374
2394	-1842.226	-2125.322	283.0959	1.288414	0.2726918	3.274734
2400	-1825.7	-2108.234	282.5345	1.194533	0.2726918	3.657682
2406	-1828.705	-2111.042	282.337	1.217392	0.2726918	3.758577
2412	-1845.663	-2127.228	281.5651	1.149629	0.1949109	4.358834
2418	-1832.382	-2114.415	282.0331	1.36911	0.1557154	4.040388
2424	-1851.186	-2133.872	282.6861	1.148479	0.2500916	3.629805
2430	-1840.263	-2123.384	283.1205	1.371596	0.2005328	3.326534
2436	-1828.175	-2109.419	281.2445	1.091363	0.1973096	4.568053
2442	-1830.977	-2112.826	281.8491	1.298535	0.2215745	4.069038
2448	-1843.391	-2126.021	282.6297	1.306788	0.1657145	3.71425
2454	-1829.339	-2111.696	282.3567	1.334695	0.2469265	3.717517
2460	-1834.279	-2117.585	283.3054	1.334695	0.1345391	3.368223
2466	-1835.629	-2118.378	282.7494	1.295267	0.1556769	3.671331
2472	-1848.493	-2130.939	282.4459	1.226931	0.211673	3.784292
2478	-1847.309	-2132.184	284.8749	1.523165	0.1420553	2.280487
2484	-1847.937	-2130.61	282.6728	1.182086	0.1642316	3.764192
2490	-1844.337	-2126.93	282.5933	1.095852	0.1362286	3.915906
2496	-1831.191	-2111.38	280.1896	1.112955	0.1445538	5.239711
2502	-1848.865	-2133.308	284.4429	1.313192	0.18126	2.601125
2508	-1839.028	-2122.63	283.6019	1.33612	0.2039951	3.056017
2514	-1834.187	-2116.105	281.9187	1.086104	0.2226479	4.148625
2520	-1828.449	-2111.519	283.0701	1.258124	0.143837	3.530754
2526	-1826.65	-2110.775	284.1245	1.443237	0.1478077	2.785418
2532	-1840.144	-2122.492	282.3475	1.213437	0.1725571	3.917419
2538	-1836.779	-2121.125	284.346	1.38583	0.2061897	2.569143
2544	-1840.968	-2125.426	284.4574	1.40864	0.2061897	2.485449
2550	-1822.6	-2105.044	282.4444	1.314874	0.1490724	3.849128
2556	-1830.457	-2112.845	282.3878	1.163304	0.1867051	3.897263
2562	-1832.457	-2114.463	282.0065	1.04836	0.1867051	4.180459
2568	-1843.303	-2126.742	283.4393	1.53992	0.2459986	2.961045
2574	-1833.826	-2117.257	283.4303	1.175082	0.2006983	3.259468
2580	-1833.919	-2117.95	284.0306	1.218037	0.2789068	2.747103
2586	-1829.352	-2113.94	284.5882	1.518405	0.1308187	2.49106
2592	-1839.075	-2120.516	281.4404	1.240688	0.1618944	4.437288
2598	-1832.825	-2116.183	283.3577	1.37929	0.2334424	3.126134
2604	-1838.557	-2121.229	282.6723	1.259524	0.2744748	3.537356
2610	-1837.286	-2121.341	284.0547	1.523601	0.1566899	2.760127
2616	-1847.399	-2130.258	282.8585	1.523575	0.1252259	3.539583
2622	-1831.936	-2113.985	282.0496	1.252397	0.1520095	4.10479
2628	-1839.088	-2121.831	282.7436	1.206023	0.1225033	3.796033
2634	-1839.238	-2122.203	282.9643	1.605172	0.1166812	3.449709
2640	-1838.301	-2121.829	283.5276	1.372214	0.1265434	3.23287
2646	-1847.27	-2129.398	282.1277	1.355664	0.1530257	3.999338
2652	-1843.318	-2125.199	281.881	1.108715	0.3015538	4.042791
2658	-1858.843	-2141.267	282.4237	1.103637	0.2095094	3.871575
2664	-1834.968	-2118.459	283.4907	1.209985	0.1800047	3.240795
2670	-1827.935	-2111.59	283.6546	1.237412	0.1842888	3.119227
2676	-1831.351	-2114.411	283.0604	1.211528	0.1994087	3.457644
2682	-1819.13	-2101.983	282.8533	1.248907	0.1795029	3.592314
2688	-1826.446	-2109.956	283.5103	1.383844	0.2802614	2.960016
2694	-1837.245	-2121.843	284.5975	1.191184	0.1799898	2.583433
2700	-1833.844	-2118.08	284.2354	1.496813	0.1610917	2.656535
2706	-1834.888	-2119.21	284.3217	1.510779	0.1574037	2.602393
2712	-1828.028	-2112.485	284.4568	1.374318	0.1786454	2.559783
2718	-1824.419	-2109.291	284.872	1.567727	0.1786454	2.173757
2724	-1822.296	-2106.975	284.6788	1.451228	0.2430524	2.252912
2730	-1817.465	-2102.259	284.7943	1.547956	0.2310464	2.136449
2736	-1827.736	-2112.455	284.7188	1.505847	0.119492	2.444307
2742	-1840.711	-2124.681	283.97	1.523684	0.2665158	2.61534
2748	-1824.196	-2109.155	284.9594	1.679775	0.1950405	2.009163
2754	-1836.903	-2121.935	285.0314	1.691177	0.167536	2.011531
2760	-1834.279	-2118.125	283.8462	1.363996	0.167013	2.962136
2766	-1833.833	-2117.881	284.0484	1.327641	0.167013	2.862011
2772	-1838.87	-2122.377	283.5075	1.134324	0.2361545	3.178331
2778	-1832.44	-2113.399	280.9588	0.9531055	0.195359	4.808677
2784	-1825.461	-2109.385	283.924	1.33902	0.176626	2.911398
2790	-1823.611	-2106.561	282.9501	1.348413	0.171338	3.493346
2796	-1822.062	-2105.761	283.6996	1.177304	0.2401796	3.031739
2802	-1824.85	-2107.302	282.4516	1.133667	0.1418166	3.96375
2808	-1834.913	-2117.521	282.6088	1.210901	0.2348731	3.661934
2814	-1829.454	-2112.747	283.2934	1.496333	0.2667472	3.042705
2820	-1825.846	-2108.599	282.7537	1.274216	0.1433129	3.706117
2826	-1823.234	-2105.757	282.5232	1.274216	0.2043914	3.724709
2832	-1839.828	-2121.244	281.4164	1.027603	0.2011494	4.500825
2838	-1845.102	-2127.029	281.927	0.9471021	0.2764699	4.14273
2844	-1826.631	-2108.559	281.9276	1.102829	0.2172514	4.14273
2850	-1828.956	-2111.014	282.0587	1.117836	0.1694101	4.14273
2856	-1838.058	-2120.673	282.6147	1.084321	0.1624507	3.857359
2862	-1830.564	-2111.356	280.7922	0.9913348	0.1430632	4.976093
2868	-1824.996	-2105.53	280.5331	0.9956419	0.2237062	4.976093
2874	-1838.452	-2121.038	282.5866	1.256943	0.2137236	3.682338
2880	-1831.414	-2115.057	283.6428	1.133151	0.1721574	3.21116
2886	-1824.811	-2109.972	285.1608	1.623837	0.1462204	2.018846
2892	-1826.932	-2112.177	285.2446	1.538005	0.192168	1.918842
2898	-1820.002	-2105.571	285.5691	1.672357	0.192168	1.597866
2904	-1816.088	-2100.666	284.5784	1.510897	0.213884	2.330483
2910	-1817.929	-2103.126	285.1973	1.540988	0.213884	1.905253
2916	-1829.434	-2114.427	284.9934	1.793287	0.214681	1.870804
2922	-1845.89	-2131.493	285.6031	2.038364	0.1333372	1.447453
2928	-1840.866	-2125.165	284.2995	1.515483	0.1574044	2.613173
2934	-1841.403	-2125.337	283.9346	1.261634	0.1774916	2.950012
2940	-1832.338	-2116.353	284.0149	1.342323	0.1774916	2.852749
2946	-1837.263	-2121.991	284.7281	1.44308	0.1696287	2.364653
2952	-1831.149	-2115.255	284.1057	1.323071	0.1959487	2.774356
2958	-1819.07	-2103.355	284.2853	1.314481	0.1438877	2.774356
2964	-1810.874	-2095.231	284.357	1.380648	0.153269	2.669702
2970	-1823.867	-2106.985	283.1182	1.255025	0.153269	3.485164
2976	-1830.039	-2113.753	283.7144	1.429048	0.1709884	2.99439
2982	-1842.205	-2126.323	284.1183	1.296496	0.1626198	2.84739
2988	-1827.737	-2110.638	282.9009	1.242085	0.2424605	3.462033
2994	-1841.003	-2125.114	284.1109	1.38209	0.2424605	2.654114
3000	-1853.719	-2138.058	284.3389	1.398422	0.2126458	2.554017
3006	-1841.334	-2126.705	285.371	1.428855	0.2222505	1.847082
3012	-1841.857	-2127.117	285.2604	1.503411	0.2505124	1.819251
3018	-1838.846	-2124.13	285.2842	1.503411	0.2505124	1.802854
3024	-1841.468	-2126.597	285.1288	1.302313	0.2505124	2.043832
3030	-1831.796	-2116.594	284.7975	1.505949	0.1477988	2.327808
3036	-1843.096	-2128.04	284.9433	1.431194	0.2014028	2.170606
3042	-1824.333	-2108.972	284.639	1.357555	0.185389	2.443056
3048	-1832.736	-2115.353	282.6165	1.280012	0.2085159	3.660375
3054	-1827.03	-2110.245	283.2154	1.169297	0.185213	3.417051
3060	-1842.941	-2125.068	282.1264	1.246873	0.1958441	3.983061
3066	-1828.01	-2109.854	281.8439	1.146568	0.1844611	4.22098
3072	-1828.218	-2110.188	281.9697	1.102897	0.2388738	4.084699
3078	-1840.498	-2122.588	282.0901	1.087013	0.1741927	4.133522
3084	-1833.551	-2112.945	279.3943	0.6907573	0.2045563	5.802274
3090	-1843.866	-2127.37	283.5038	1.343704	0.1622803	3.188123
3096	-1831.548	-2115.21	283.6622	1.174295	0.1655748	3.188123
3102	-1828.137	-2110.874	282.7376	0.9449726	0.2032883	3.79279
3108	-1831.586	-2113.407	281.8202	1.098736	0.2112509	4.215857
3114	-1830.081	-2112.53	282.449	0.9634966	0.201184	3.951474
3120	-1824.624	-2105.975	281.3507	0.9570937	0.1613013	4.648154
3126	-1828.958	-2111.052	282.0938	0.9925016	0.2718286	4.028355
3132	-1836.235	-2118.657	282.4223	1.065106	0.1244957	4.056509
3138	-1832.631	-2114.293	281.6617	1.258555	0.1441367	4.337043
3144	-1834.446	-2116.44	281.9935	0.8464052	0.167536	4.337043
3150	-1846.779	-2129.679	282.8993	1.081199	0.167536	3.68531
3156	-1841.061	-2123.747	282.6855	1.158231	0.2118594	3.68531
3162	-1835.78	-2119.018	283.2385	1.207939	0.144238	3.460993
3168	-1845.659	-2128.555	282.8958	1.388644	0.144238	3.555453
3174	-1835.025	-2119.314	284.2894	1.36965	0.121465	2.789288
3180	-1825.727	-2109.993	284.2662	1.496428	0.2047691	2.552596
3186	-1822.26	-2106.348	284.088	1.403459	0.1724061	2.781119
3192	-1830.249	-2114.556	284.3069	1.37233	0.1689284	2.67308
3198	-1818.126	-2102.087	283.9614	1.313984	0.2995694	2.70054
3204	-1829.083	-2113.062	283.9787	1.211115	0.2824888	2.777712
3210	-1826.756	-2111.351	284.5952	1.534847	0.2824888	2.188353
3216	-1832.496	-2116.787	284.2906	1.451296	0.1962961	2.581132
3222	-1845.402	-2128.566	283.1646	1.297941	0.2177748	3.314384
3228	-1838.663	-2121.676	283.0132	1.277717	0.1294559	3.583235
3234	-1841.569	-2124.932	283.3631	1.190103	0.1295861	3.430003
3240	-1836.471	-2120.139	283.6689	1.498417	0.0978495	3.143048
3246	-1832.38	-2116.244	283.864	1.556169	0.1471972	2.876308
3252	-1847.253	-2129.461	282.2071	1.432153	0.1163164	3.988055
3258	-1842.672	-2126.182	283.5102	1.497419	0.1015784	3.228337
3264	-1823.941	-2106.266	282.3254	1.132479	0.1784774	3.9655
3270	-1817.886	-2100.534	282.6479	1.212511	0.2142884	3.671597
3276	-1820.689	-2103.993	283.3039	1.264071	0.1390826	3.400705
3282	-1830.049	-2114.164	284.1152	1.526105	0.2337677	2.576933
3288	-1835.072	-2118.691	283.6194	1.26494	0.1677481	3.15546
3294	-1846.038	-2129.34	283.3011	1.321796	0.154587	3.336218
3300	-1837.736	-2119.163	281.4276	1.149319	0.1668064	4.486691
3306	-1838.156	-2119.465	281.3088	1.012564	0.1458593	4.670461
3312	-1846.509	-2126.78	280.2707	0.9837799	0.180695	5.199091
3318	-1848.222	-2129.626	281.4037	1.053885	0.180044	4.529658
3324	-1846.708	-2127.874	281.1655	1.10109	0.1675688	4.659515
3330	-1846.198	-2127.197	280.9982	1.056377	0.1662942	4.780438
3336	-1841.314	-2123.929	282.6153	1.109593	0.1662942	3.835123
3342	-1828.867	-2112.015	283.1482	1.233882	0.1349415	3.518247
3348	-1828.59	-2112.029	283.4396	1.44773	0.1312306	3.229782
3354	-1836.66	-2119	282.3402	1.270464	0.1073816	4.025033
3360	-1847.988	-2128.177	280.1886	1.026978	0.1749183	5.230819
3366	-1844.709	-2127.87	283.1612	1.116082	0.1621207	3.523526
3372	-1854.118	-2137.477	283.3581	1.28292	0.1782288	3.279345
3378	-1844.36	-2127.147	282.7862	1.171696	0.1306744	3.773289
3384	-1837.853	-2121.224	283.3707	1.21245	0.1844377	3.301874
3390	-1853.551	-2135.98	282.4289	1.016202	0.1543157	4.018645
3396	-1841.035	-2123.938	282.9033	1.171779	0.1909876	3.587197
3402	-1830.208	-2112.483	282.2752	1.058412	0.1872447	4.020794
3408	-1830.258	-2113.063	282.8046	1.039063	0.2547454	3.617506
3414	-1835.62	-2117.384	281.7636	1.222678	0.1224836	4.345308
3420	-1836.669	-2118.829	282.16	1.039218	0.1700346	4.12867
3426	-1836.817	-2121.334	284.5175	1.487217	0.1752429	2.458162
3432	-1838.645	-2121.71	283.0657	1.389182	0.232874	3.294146
3438	-1831.458	-2115.455	283.9964	1.486808	0.2382877	2.667028
3444	-1827.316	-2111.554	284.2372	1.503936	0.1535166	2.667028
3450	-1821.458	-2105.098	283.6398	1.461779	0.1744308	3.012745
3456	-1822.824	-2107.7	284.8769	1.650807	0.1710031	2.132474
3462	-1832.202	-2117.167	284.9655	1.68101	0.1710031	2.054427
3468	-1843.076	-2128.195	285.1189	1.634907	0.2398324	1.845581
3474	-1839.675	-2124.563	284.8878	1.837006	0.2011822	1.939437
3480	-1845.953	-2129.19	283.2369	1.104461	0.1438233	3.523146
3486	-1844.149	-2126.623	282.4735	1.219204	0.1345131	3.917483
3492	-1832.971	-2116.275	283.3033	1.450124	0.1468051	3.275321
3498	-1826.337	-2108.347	282.0098	1.281834	0.158525	4.097906
3504	-1827.066	-2108.363	281.2968	1.073686	0.1101042	4.719079
3510	-1825.179	-2105.82	280.6409	0.9627522	0.2621671	4.877474
3516	-1839.999	-2121.735	281.7355	1.052167	0.1908715	4.324555
3522	-1859.03	-2144.369	285.3385	1.834609	0.1624354	1.715079
3528	-1860.426	-2145.887	285.4604	1.693428	0.1682073	1.715079
3534	-1830.567	-2113.466	282.8996	1.12914	0.1673095	3.657846
3540	-1836.557	-2118.664	282.1072	1.162466	0.1880163	4.055929
3546	-1834.018	-2117.353	283.3355	1.198833	0.1880163	3.324098
3552	-1830.389	-2114.692	284.3027	1.387956	0.1934198	2.618295
3558	-1835.144	-2118.343	283.1985	1.26511	0.183326	3.374272
3564	-1824.062	-2107.195	283.133	1.388424	0.1242787	3.460457
3570	-1821.032	-2105.072	284.0396	1.507543	0.1164689	2.869133
3576	-1830.756	-2114.038	283.2824	1.318609	0.1286403	3.404127
3582	-1831.818	-2115.242	283.4243	1.318609	0.157745	3.259084
3588	-1838.432	-2121.428	282.996	1.289687	0.1687249	3.5058
3594	-1823.852	-2107.224	283.3721	1.207204	0.1687249	3.333837
3600	-1823.939	-2108.737	284.7979	1.77767	0.128371	2.19879
3606	-1828.294	-2113.456	285.1621	1.887662	0.1416898	1.850994
3612	-1838.511	-2123.024	284.5123	1.591785	0.1472657	2.455082
3618	-1842.845	-2125.454	282.6088	1.165161	0.1472657	3.844328
3624	-1821.437	-2105.188	283.7511	1.508031	0.1215841	3.030469
3630	-1836.396	-2119.734	283.3377	1.187556	0.1502711	3.402362
3636	-1839.675	-2123.399	283.7243	1.306505	0.1252068	3.158297
3642	-1819.535	-2103.695	284.1603	1.493419	0.1263243	2.781102
3648	-1831.148	-2114.379	283.2314	1.415859	0.1066271	3.428035
3654	-1831.297	-2114.237	282.9395	1.355616	0.1431923	3.55143
3660	-1832.091	-2115.113	283.0214	1.322283	0.1409909	3.527728
3666	-1831.717	-2114.629	282.9122	1.310443	0.1409909	3.598155
3672	-1852.741	-2135.846	283.1043	1.068586	0.1953758	3.522518
3678	-1860.141	-2142.039	281.898	1.154243	0.1953758	4.166835
3684	-1865.342	-2147.648	282.3064	1.146074	0.2293494	3.882326
3690	-1843.872	-2127.636	283.7638	1.334142	0.1992394	2.968659
3696	-1834.159	-2117.958	283.7994	1.345135	0.2177097	2.908112
3702	-1839.19	-2123.474	284.2841	1.490935	0.1849219	2.582288
3708	-1828.381	-2112.308	283.9266	1.367192	0.2004781	2.848178
3714	-1829.324	-2113.426	284.1021	1.269528	0.1818157	2.835678
3720	-1842.907	-2124.131	281.2243	1.245326	0.2334122	4.434686
3726	-1850.325	-2134.511	284.1868	1.295301	0.211684	2.713307
3732	-1849.532	-2132.412	282.8794	1.462522	0.2226025	3.377316
3738	-1839.141	-2122.596	283.4549	1.452043	0.1886201	3.102337
3744	-1836.7	-2120.138	283.4387	1.45198	0.1208206	3.251339
3750	-1832.523	-2116.955	284.4314	1.541002	0.137799	2.558597
3756	-1832.589	-2117.109	284.5201	1.409021	0.1964081	2.464175
3762	-1857.434	-2141.582	284.1483	1.416896	0.2581252	2.584264
3768	-1851.693	-2135.847	284.1546	1.416896	0.152364	2.773398
3774	-1836.06	-2117.773	281.7133	1.0516	0.2015723	4.319163
3780	-1843.454	-2127.126	283.6724	1.353884	0.1321857	3.145268
3786	-1842.832	-2125.301	282.4686	1.227013	0.1728596	3.839525
3792	-1832.743	-2116.525	283.7827	1.316662	0.1728596	3.017176
3798	-1832.734	-2116.533	283.7991	1.257209	0.1864051	3.017176
3804	-1839.941	-2121.415	281.4741	1.118511	0.2316946	4.367968
3810	-1826.874	-2111.391	284.5178	1.303883	0.1832124	2.556657
3816	-1824.059	-2108.492	284.4326	1.426285	0.2058034	2.49066
3822	-1828.072	-2111.082	283.0103	1.3056	0.191649	3.445658
3828	-1828.062	-2112.181	284.1185	1.304367	0.1850796	2.79826
3834	-1828.405	-2112.837	284.4315	1.553516	0.155462	2.511729
3840	-1822.69	-2106.553	283.8631	1.434402	0.1336327	2.979979
3846	-1829.406	-2113.269	283.8632	1.373523	0.1504789	2.979979
3852	-1835.836	-2120.061	284.2246	1.395741	0.1650993	2.717022
3858	-1822.622	-2106.802	284.18	1.260517	0.1883298	2.781349
3864	-1833.547	-2117.537	283.9892	1.209417	0.1722112	2.95879
3870	-1828.825	-2110.228	281.4037	1.077187	0.1709502	4.533015
3876	-1836.571	-2119.686	283.1148	1.272665	0.1694078	3.445029
3882	-1827.536	-2110.773	283.2374	1.196094	0.1556986	3.445029
3888	-1830.832	-2112.795	281.9627	1.038917	0.1725496	4.236221
3894	-1821.943	-2104.664	282.7207	1.143954	0.2130741	3.671161
3900	-1826.606	-2108.096	281.4907	1.04057	0.1727714	4.501349
3906	-1832.874	-2114.097	281.2231	1.087789	0.248495	4.501349
3912	-1830.469	-2112.503	282.0339	1.087789	0.2408857	4.053615
3918	-1830.637	-2112.204	281.5673	1.021281	0.2392314	4.358677
3924	-1822.431	-2105.831	283.4001	1.328124	0.2366491	3.12614
3930	-1832.209	-2115.381	283.1716	1.17443	0.1462732	3.515343
3936	-1824.08	-2107.693	283.613	1.296234	0.205692	3.070252
3942	-1817.518	-2101.745	284.2268	1.455164	0.1733485	2.662521
3948	-1817.475	-2101.627	284.1514	1.328391	0.1733485	2.786349
3954	-1824.073	-2107.843	283.7699	1.328391	0.2800265	2.83702
3960	-1827.369	-2111.527	284.1578	1.314502	0.1508178	2.83702
3966	-1836.357	-2118.768	282.4107	1.414834	0.1508178	3.807516
3972	-1829.577	-2111.869	282.2916	1.119462	0.1748497	3.998953
3978	-1842.83	-2126.659	283.829	1.343043	0.1574626	3.004309
3984	-1845.16	-2127.222	282.0617	1.199135	0.1842914	4.067549
3990	-1825.96	-2108.133	282.1727	1.065059	0.2049385	4.044945
3996	-1831.661	-2115.782	284.1212	1.463496	0.1646733	2.739716
4002	-1837.994	-2120.499	282.505	1.152374	0.1674987	3.871595
4008	-1844.921	-2129.038	284.117	1.15983	0.1929496	2.872188
4014	-1839.935	-2124.428	284.4928	1.386175	0.112578	2.676208
4020	-1844.806	-2129.162	284.3559	1.39575	0.1462532	2.676208
4026	-1841.269	-2125.928	284.6587	1.445483	0.1495186	2.450046
4032	-1842.613	-2126.963	284.3499	1.413278	0.2648592	2.450046
4038	-1830.451	-2114.812	284.3609	1.308904	0.1418179	2.736156
4044	-1827.147	-2110.632	283.4848	1.394838	0.1715816	3.150749
4050	-1836.947	-2121.309	284.3613	1.518781	0.1350284	2.622089
4056	-1840.067	-2123.944	283.8771	1.444119	0.2997544	2.672097
4062	-1835.137	-2119.178	284.0409	1.373771	0.2418491	2.703293
4068	-1831.512	-2113.376	281.8647	1.320306	0.1983218	4.086271
4074	-1853.462	-2135.95	282.4881	1.212661	0.112493	3.961634
4080	-1839.587	-2123.289	283.7019	1.465158	0.1592577	3.003644
4086	-1854.216	-2138.469	284.2536	1.502915	0.1567093	2.650785
4092	-1846.137	-2129.839	283.7015	1.371785	0.231089	2.928527
4098	-1853.288	-2135.835	282.547	1.318992	0.1664142	3.753621
4104	-1851.851	-2134.863	283.0115	1.302029	0.1792475	3.469695
4110	-1857.8	-2141.243	283.4434	1.390465	0.1945432	3.135014
4116	-1847.4	-2130.973	283.5734	1.474152	0.171694	3.050434
4122	-1844.437	-2128.866	284.429	1.450907	0.1682659	2.550323
4128	-1852.432	-2137.175	284.743	1.626687	0.1682659	2.240775
4134	-1842.954	-2128.751	285.7963	2.011859	0.1466084	1.277638
4140	-1859.336	-2144.611	285.2751	2.011859	0.2084098	1.528746
4146	-1836.08	-2121.861	285.7807	2.029008	0.2545343	0.9836038
4152	-1847.423	-2133.265	285.8421	1.791502	0.2545343	1.14969
4158	-1847.856	-2133.801	285.9446	1.868603	0.1695561	1.207865
4164	-1860.241	-2143.736	283.4954	1.387397	0.1472476	3.197937
4170	-1846.291	-2132.259	285.9685	1.90087	0.2020062	1.067332
4176	-1835.935	-2121.148	285.2132	1.608449	0.2376068	1.802954
4182	-1845.086	-2129.896	284.8099	1.45646	0.2120697	2.220355
4188	-1858.281	-2143.024	284.7426	1.35315	0.2619858	2.243302
4194	-1835.942	-2119.566	283.6239	1.234913	0.2553	3.018746
4200	-1850.722	-2133.612	282.8898	1.23969	0.2189828	3.507553
4206	-1836.688	-2120.791	284.1021	1.363202	0.1823782	2.777584
4212	-1832.895	-2116.556	283.6608	1.264131	0.1940027	3.081739
4218	-1834.076	-2117.797	283.7213	1.330049	0.1691121	3.053233
4224	-1830.508	-2113.106	282.5973	1.203149	0.2683433	3.622576
4230	-1840.313	-2122.335	282.0227	1.126469	0.1646589	4.167216
4236	-1841.306	-2121.433	280.1269	0.9155418	0.1646589	5.345022
4242	-1836.41	-2117.942	281.5324	0.9558371	0.2394788	4.414914
4248	-1857.12	-2140.543	283.4227	1.323315	0.486584	2.798925
4254	-1850.56	-2133.901	283.3415	1.489024	0.1005069	3.335491
4260	-1840.085	-2119.323	279.2387	0.9435106	0.1764909	5.796343
4266	-1849.055	-2129.01	279.9553	0.9851882	0.1930883	5.351291
4272	-1829.558	-2111.195	281.6375	1.173706	0.1836917	4.323845
4278	-1814.286	-2095.71	281.4239	1.151336	0.1806026	4.462475
4284	-1821.487	-2104.87	283.3823	1.209476	0.1577402	3.348159
4290	-1841.509	-2125.306	283.7973	1.312505	0.1959178	2.967491
4296	-1858.57	-2142.351	283.7805	1.341213	0.1963051	2.959663
4302	-1819.941	-2101.059	281.1178	1.068459	0.232421	4.595533
4308	-1838.261	-2119.059	280.7977	1.013797	0.3550151	4.642205
4314	-1848.894	-2129.502	280.6088	0.8634458	0.2261227	5.003758
4320	-1843.298	-2125.399	282.1012	1.197224	0.1680982	4.075785
4326	-1824.579	-2107.933	283.3548	1.407669	0.1125447	3.346287
4332	-1825.759	-2108.763	283.004	1.379902	0.1256199	3.537678
4338	-1831.273	-2114.35	283.077	1.30689	0.1256199	3.537678
4344	-1832.264	-2116.14	283.8757	1.289729	0.2659978	2.817307
4350	-1832.296	-2116.698	284.4017	1.552697	0.1231895	2.603834
4356	-1841.157	-2126.055	284.8978	1.426317	0.2018442	2.202417
4362	-1842.558	-2126.382	283.8246	1.26723	0.2236396	2.929821
4368	-1842.639	-2126.14	283.5004	1.306785	0.2477078	3.061469
4374	-1827.665	-2110.672	283.0065	1.172234	0.1343735	3.637691
4380	-1846.205	-2126.712	280.5068	1.15048	0.1814162	4.974497
4386	-1847.669	-2130.316	282.6469	1.259296	0.1669215	3.729421
4392	-1850.326	-2130.531	280.2047	1.248774	0.1248838	5.196563
4398	-1851.702	-2135.251	283.548	1.411171	0.1544984	3.1375
4404	-1863.844	-2146.801	282.9574	1.254314	0.1556893	3.574368
4410	-1856.535	-2140.308	283.7728	1.325496	0.2932727	2.817665
4416	-1853.387	-2136.327	282.9408	1.11893	0.2234291	3.540856
4422	-1856.141	-2139.897	283.756	1.353355	0.2064449	2.948907
4428	-1844.647	-2128.112	283.4651	1.353355	0.3206882	2.948907
4434	-1837.918	-2120.782	282.8643	1.280018	0.150159	3.624632
4440	-1844.974	-2128.548	283.5746	1.267046	0.1328931	3.253141
4446	-1845.805	-2128.883	283.0783	1.197007	0.1596305	3.52952
4452	-1837.079	-2118.332	281.2529	1.00155	0.1949799	4.617682
4458	-1841.321	-2123.575	282.2542	1.261237	0.168428	3.951194
4464	-1841.341	-2125.224	283.8829	1.096348	0.231228	2.984939
4470	-1832.959	-2116.069	283.1098	1.323071	0.2008225	3.360845
4476	-1835.872	-2119.066	283.1949	1.261764	0.1610038	3.420944
4482	-1832.552	-2116.783	284.2311	1.227091	0.1704561	2.805247
4488	-1835.72	-2119.838	284.1183	1.296581	0.1891106	2.795555
4494	-1844.705	-2128.21	283.5053	1.324279	0.2178971	3.09671
4500	-1838.577	-2121.539	282.9622	1.297549	0.1711614	3.516288
4506	-1830.784	-2113.838	283.0533	1.366419	0.1689016	3.427125
4512	-1846.969	-2131.145	284.1761	1.443675	0.1676971	2.712099
4518	-1846.017	-2128.964	282.9473	1.273242	0.1778292	3.526554
4524	-1835.131	-2118.41	283.2783	1.169242	0.1875211	3.376017
4530	-1844.719	-2126.996	282.2776	1.160786	0.2532223	3.853741
4536	-1835.53	-2116.685	281.1548	1.115427	0.1489858	4.6929
4542	-1862.592	-2147.107	284.5149	1.48895	0.1947537	2.420338
4548	-1856.907	-2140.609	283.7025	1.401929	0.1947537	2.972881
4554	-1833.548	-2117.819	284.2705	1.463164	0.1875753	2.602798
4560	-1827.499	-2111.432	283.9336	1.406932	0.227854	2.771907
4566	-1831.996	-2116.471	284.4754	1.398227	0.2297622	2.438674
4572	-1833.283	-2118.075	284.7915	1.472917	0.1543376	2.338116
4578	-1840.192	-2122.578	282.3858	1.174831	0.2305401	3.818255
4584	-1833.998	-2117.422	283.4243	1.306324	0.1277238	3.330024
4590	-1818.021	-2101.346	283.3242	1.30143	0.1568633	3.330024
4596	-1817.501	-2100.643	283.1428	1.136487	0.150244	3.546051
4602	-1819.866	-2101.588	281.7216	1.136487	0.2229299	4.231475
4608	-1830.269	-2112.755	282.4861	1.040973	0.2229299	3.849725
4614	-1830.875	-2111.677	280.8021	1.109281	0.2076437	4.788527
4620	-1843.059	-2125.275	282.2157	1.132175	0.1413038	4.100274
4626	-1834.008	-2114.282	280.2738	1.194204	0.1790105	5.083826
4632	-1856.047	-2136.164	280.1173	0.8837834	0.1936155	5.316957
4638	-1858.08	-2138.148	280.0685	0.9008794	0.2041981	5.316957
4644	-1839.117	-2122.291	283.1747	1.268864	0.2668814	3.248291
4650	-1824.195	-2108.127	283.9316	1.426227	0.2066071	2.79824
4656	-1825.858	-2110.719	284.8611	1.504144	0.1628793	2.255099
4662	-1817.843	-2102.513	284.67	1.496101	0.2104313	2.287836
4668	-1816.894	-2101.613	284.7188	1.573623	0.1300063	2.376054
4674	-1816.738	-2099.842	283.1042	1.31722	0.1321628	3.501377
4680	-1820.633	-2104.423	283.7904	1.274805	0.1986022	2.989467
4686	-1835.79	-2120.297	284.5073	1.395616	0.1849646	2.502608
4692	-1829.266	-2113.682	284.4156	1.470524	0.1903837	2.502608
4698	-1830.204	-2114.932	284.7276	1.492366	0.1962534	2.280232
4704	-1827.424	-2111.377	283.9529	1.578553	0.3102555	2.526969
4710	-1835.381	-2117.927	282.5466	1.308696	0.1260328	3.84252
4716	-1825.844	-2106.15	280.3061	1.055183	0.1822767	5.137205
4722	-1826.288	-2109.443	283.1546	1.290254	0.2439993	3.282413
4728	-1829.99	-2112.519	282.5295	1.129432	0.1510981	3.902648
4734	-1815.533	-2098.099	282.5661	1.136104	0.1888107	3.806723
4740	-1820.397	-2104.232	283.835	1.490151	0.1736886	2.879594
4746	-1825.764	-2108.962	283.1972	1.148387	0.1736886	3.461394
4752	-1823.43	-2105.955	282.5254	1.257286	0.1387658	3.856874
4758	-1833.321	-2115.533	282.2111	1.325154	0.1499744	3.975155
4764	-1828.567	-2110.694	282.127	1.206111	0.2785345	3.877644
4770	-1833.155	-2114.025	280.8693	1.101359	0.1450963	4.86786
4776	-1837.006	-2117.307	280.3007	0.8255168	0.1768013	5.27686
4782	-1837.373	-2118.771	281.3987	0.9801415	0.1619001	4.607164
4788	-1850.554	-2131.394	280.8401	0.9039866	0.1637373	4.95816
4794	-1828.834	-2111.07	282.2359	1.072695	0.1710814	4.064396
4800	-1839.003	-2122.701	283.6979	1.197072	0.1506937	3.183524
4806	-1836.277	-2118.973	282.6959	1.156441	0.2962212	3.553161
4812	-1828.149	-2110.524	282.3748	1.137915	0.2408706	3.829753
4818	-1821.748	-2104.378	282.6304	0.9534066	0.2017362	3.852281
4824	-1826.772	-2108.668	281.8968	0.9822717	0.2172871	4.228597
4830	-1828.695	-2109.824	281.1286	0.957235	0.1813357	4.735765
4836	-1829.05	-2112.125	283.0746	1.189553	0.158611	3.538033
4842	-1838.391	-2121.723	283.3312	1.185671	0.2006262	3.311814
4848	-1840.282	-2123.735	283.4524	1.312528	0.2005595	3.165221
4854	-1831.617	-2111.772	280.1549	0.938206	0.2190976	5.224789
4860	-1843.613	-2124.981	281.3684	1.069564	0.2113784	4.487358
4866	-1840.83	-2124.22	283.3902	1.174315	0.1536425	3.372456
4872	-1827.324	-2110.132	282.8079	1.134753	0.2899633	3.509177
4878	-1828.302	-2109.246	280.944	1.012887	0.2900749	4.641757
4884	-1831.895	-2115.386	283.491	1.394218	0.1136577	3.271326
4890	-1831.402	-2114.353	282.9506	1.297019	0.1849758	3.497596
4896	-1830.204	-2110.914	280.7108	1.022697	0.1720503	4.948818
4902	-1831.781	-2111.941	280.1605	1.008904	0.2656409	5.113844
4908	-1832.187	-2113.677	281.4899	0.9044	0.1989705	4.532458
4914	-1828.046	-2109.384	281.338	1.056253	0.1989705	4.532458
4920	-1830.167	-2112.76	282.5927	1.250165	0.1152171	3.873932
4926	-1836.34	-2118.55	282.2097	1.174573	0.2027973	3.964877
4932	-1839.034	-2120.765	281.7314	1.119771	0.3273603	4.088507
4938	-1825.227	-2107.529	282.3027	1.123804	0.1257366	4.088507
4944	-1829.262	-2111.992	282.7306	1.179645	0.1904221	3.683805
4950	-1831.843	-2114.639	282.7968	1.129579	0.1852191	3.683805
4956	-1825.762	-2109.453	283.6915	1.456495	0.1729362	2.987837
4962	-1835.667	-2118.518	282.8511	1.173783	0.3050549	3.440503
4968	-1836.142	-2118.634	282.4923	1.097468	0.1666177	3.912039
4974	-1844.424	-2126.618	282.1936	1.088668	0.2748237	3.912039
4980	-1832.784	-2115.972	283.1879	1.09063	0.1696899	3.508134
4986	-1833.065	-2113.131	280.066	1.160077	0.1313262	5.308714
4992	-1833.4	-2115.802	282.4016	1.291857	0.2082278	3.778143
4998	-1831.627	-2116.132	284.5047	1.409894	0.2477087	2.382412
5004	-1834.962	-2119.352	284.3895	1.387618	0.1669488	2.61675
5010	-1838.851	-2122.303	283.4522	1.341241	0.1930184	3.161794
5016	-1856.684	-2138.766	282.0826	1.183792	0.1495241	4.129999
5022	-1847.211	-2130.43	283.2192	1.326133	0.2393804	3.230346
5028	-1857.585	-2140.88	283.2948	1.21274	0.1854831	3.344492
5034	-1836.567	-2120.378	283.8112	1.267575	0.1389408	3.099181
5040	-1832.345	-2115.947	283.6016	1.31226	0.1734485	3.12682
5046	-1836.991	-2121.279	284.2888	1.410742	0.1906256	2.618098
5052	-1840.808	-2122.842	282.0346	1.246515	0.2451751	3.956021
5058	-1834.094	-2118.652	284.5582	1.46939	0.1591954	2.477111
5064	-1835.633	-2119.937	284.304	1.437334	0.1731639	2.626285
5070	-1838.794	-2122.847	284.0528	1.408223	0.1260142	2.898767
5076	-1838.488	-2122.166	283.6784	1.384195	0.1696757	3.045392
5082	-1845.697	-2130.082	284.3847	1.68032	0.1128164	2.560651
5088	-1840.44	-2125.298	284.858	1.750676	0.1948066	2.029909
5094	-1840.115	-2124.864	284.749	1.530066	0.286498	2.084715
5100	-1822.434	-2107.101	284.6664	1.640335	0.1512537	2.318033
5106	-1825.866	-2110.848	284.9818	1.651071	0.1613345	2.084569
5112	-1831.339	-2114.272	282.9332	1.169413	0.203547	3.549221
5118	-1824.597	-2107.093	282.4966	1.153197	0.1619693	3.886555
5124	-1818.643	-2099.636	280.9927	1.072873	0.2109117	4.697039
5130	-1842.145	-2123.106	280.9612	1.061237	0.07292726	5.004223
5136	-1845.081	-2126.652	281.5706	1.522388	0.1269776	4.275193
5142	-1833.747	-2118.416	284.669	1.414214	0.2575734	2.258559
5148	-1832.788	-2117.029	284.2408	1.340742	0.2699159	2.555619
5154	-1832.273	-2115.403	283.1292	1.246897	0.2262913	3.351169
5160	-1843.658	-2126.592	282.9337	1.226494	0.1944091	3.531635
5166	-1833.689	-2115.748	282.0589	1.047698	0.2352787	4.070862
5172	-1834.303	-2117.321	283.0174	1.175884	0.2352787	3.443867
5178	-1837.963	-2121.859	283.896	1.175884	0.2352787	2.922526
5184	-1844.628	-2127.101	282.473	1.063102	0.1918777	3.896704
5190	-1836.515	-2117.465	280.9503	1.106811	0.2774296	4.602719
5196	-1827.129	-2109.013	281.8841	1.21049	0.1369214	4.253229
5202	-1824.428	-2107.073	282.6447	1.153924	0.1424414	3.840076
5208	-1828.86	-2109.747	280.887	0.9386697	0.237193	4.790071
5214	-1828.626	-2111.065	282.439	1.252135	0.2214016	3.757747
5220	-1820.625	-2102.853	282.2277	1.1117	0.2741766	3.880206
5226	-1827.719	-2109.565	281.8453	1.049092	0.176043	4.290516
5232	-1822.445	-2104.872	282.427	1.032247	0.1733136	3.974236
5238	-1836.294	-2118.302	282.0081	1.083451	0.3094251	3.974236
5244	-1837.778	-2119.5	281.7219	1.134722	0.1653392	4.331678
5250	-1830.738	-2114.578	283.8399	1.217177	0.1531018	3.082086
5256	-1828.276	-2111.901	283.6245	1.390191	0.1342506	3.147569
5262	-1833.104	-2114.762	281.6584	1.23619	0.4490401	3.926411
5268	-1835.056	-2118.252	283.1955	1.254512	0.1692947	3.408621
5274	-1816.625	-2099.462	282.8366	1.169997	0.2213011	3.575265
5280	-1824.325	-2107.651	283.3261	1.40615	0.1204327	3.34564
5286	-1825.553	-2107.358	281.8045	1.176236	0.1054898	4.386959
5292	-1830.945	-2114.974	284.0283	1.3929	0.1624294	2.843894
5298	-1828.619	-2112.813	284.1936	1.43501	0.1992311	2.645722
5304	-1836.821	-2120.486	283.6645	1.303095	0.1808903	3.080573
5310	-1831.812	-2115.122	283.3103	1.220214	0.1808903	3.339423
5316	-1826.064	-2109.375	283.3111	1.163946	0.1989156	3.339423
5322	-1824.966	-2107.786	282.82	1.113385	0.1989156	3.655471
5328	-1839.81	-2124.75	284.9397	1.442719	0.1684711	2.232107
5334	-1848.17	-2132.854	284.6845	1.550839	0.1145767	2.449843
5340	-1838.204	-2123.205	285.0005	1.531059	0.1558363	2.163062
5346	-1833.012	-2117.601	284.5897	1.397504	0.2082685	2.405505
5352	-1829.557	-2113.101	283.5434	1.427119	0.1041148	3.244011
5358	-1848.078	-2132.17	284.0925	1.475351	0.2265311	2.63469
5364	-1833.11	-2117.973	284.8634	1.423463	0.2096546	2.211623
5370	-1849.769	-2131.213	281.4446	1.011302	0.2120334	4.476186
5376	-1852.511	-2134.284	281.773	1.150602	0.1846077	4.258649
5382	-1843.826	-2128.115	284.2897	1.458343	0.15036	2.669505
5388	-1839.528	-2122.893	283.3652	1.484124	0.15036	3.211249
5394	-1848.983	-2132.554	283.571	1.249493	0.1461252	3.237156
5400	-1837.091	-2120.679	283.5879	1.292767	0.1296922	3.237156
5406	-1833.243	-2116.826	283.5832	1.29741	0.1296922	3.237156
5412	-1850.19	-2134.244	284.0547	1.391882	0.1516326	2.850867
5418	-1852.922	-2136.806	283.8841	1.219748	0.2685201	2.850867
5424	-1850.412	-2133.157	282.745	1.297203	0.218105	3.559812
5430	-1853.978	-2138.093	284.1147	1.475918	0.2418111	2.594912
5436	-1843.677	-2128.262	284.5848	1.394809	0.1641469	2.496668
5442	-1845.622	-2130.806	285.1847	1.476968	0.2070417	1.970257
5448	-1844.888	-2128.714	283.8265	1.430564	0.1663746	2.935152
5454	-1836.82	-2120.679	283.8593	1.204829	0.2155913	2.960195
5460	-1831.585	-2114.102	282.5174	1.136178	0.1598025	3.888556
5466	-1822.004	-2104.886	282.8816	1.189931	0.164471	3.638486
5472	-1831.944	-2113.676	281.7319	1.278383	0.1119451	4.355329
5478	-1834.653	-2116.204	281.551	1.28871	0.1785558	4.316944
5484	-1831.495	-2114.53	283.035	1.308435	0.1419618	3.525819
5490	-1836.651	-2117.804	281.1523	1.120895	0.2182986	4.568815
5496	-1849.151	-2129.561	280.4093	0.9930051	0.1516329	5.170701
5502	-1846.04	-2126.827	280.7862	1.07742	0.1546885	4.908775
5508	-1841.962	-2123.125	281.1632	0.9857406	0.1531756	4.752559
5514	-1823.513	-2105.774	282.2619	1.096965	0.2257639	3.941679
5520	-1834.716	-2118.781	284.0651	1.252432	0.2201991	2.798967
5526	-1843.883	-2127.939	284.0557	1.252432	0.2235356	2.798967
5532	-1853.886	-2138.064	284.1774	1.350351	0.2534199	2.614932
5538	-1837.384	-2122.58	285.1962	1.560307	0.2031853	1.914071
5544	-1837.453	-2121.747	284.2945	1.50566	0.2256677	2.491887
5550	-1833.825	-2118.221	284.3959	1.582769	0.1788138	2.467331
5556	-1840.192	-2125.568	285.3764	1.421268	0.1742953	1.946512
5562	-1849.11	-2133.124	284.0141	1.395546	0.1663953	2.842855
5568	-1841.001	-2125.314	284.3132	1.390982	0.1672327	2.661159
5574	-1827.161	-2112.261	285.0995	1.484963	0.2455813	1.950161
5580	-1829.146	-2113.825	284.679	1.36419	0.1740979	2.436288
5586	-1817.837	-2102.111	284.2746	1.429991	0.1760862	2.643177
5592	-1833.872	-2117.397	283.525	1.336944	0.1018735	3.313632
5598	-1844.468	-2126.767	282.2984	1.336944	0.1337582	3.951926
5604	-1844.876	-2129.432	284.5556	1.535558	0.2529259	2.261183
5610	-1836.903	-2120.782	283.8789	1.436349	0.2159389	2.807684
5616	-1844.102	-2126.853	282.7506	1.183685	0.2159389	3.626059
5622	-1831.669	-2113.748	282.0789	1.123442	0.2871003	3.94075
5628	-1836.993	-2117.536	280.5428	0.9176474	0.2694202	4.947006
5634	-1837.926	-2120.524	282.5973	0.9953552	0.2464833	3.775118
5640	-1845.697	-2126.348	280.6512	1.007771	0.1525398	5.026692
5646	-1845.039	-2126.93	281.8908	0.9774994	0.1723323	4.312088
5652	-1835.307	-2116.498	281.1914	1.086085	0.1853892	4.621316
5658	-1835.349	-2116.54	281.1914	0.9844543	0.211257	4.634754
5664	-1827.46	-2109.678	282.2186	1.070096	0.1751733	4.068186
5670	-1836.837	-2119.565	282.727	1.155287	0.152747	3.770938
5676	-1829.191	-2111.091	281.8993	1.237978	0.152747	4.196967
5682	-1831.114	-2113.443	282.3286	1.135132	0.1800547	3.959266
5688	-1829.592	-2111.212	281.6203	1.132213	0.1520286	4.416048
5694	-1820.741	-2102.503	281.7619	1.16193	0.1831154	4.261136
5700	-1832.544	-2114.308	281.7637	1.220542	0.1644491	4.261136
5706	-1840.354	-2121.943	281.5882	1.046024	0.3476627	4.186996
5712	-1843.234	-2125.086	281.8524	1.13664	0.2213319	4.159716
5718	-1839.527	-2122.762	283.2351	1.241698	0.1256177	3.483508
5724	-1826.173	-2108.673	282.4998	1.324397	0.1874118	3.738857
5730	-1843.475	-2126.916	283.441	1.336194	0.2865173	3.021151
5736	-1828.457	-2111.811	283.3541	1.415156	0.1926809	3.176755
5742	-1836.17	-2119.889	283.7191	1.404059	0.2110687	2.932469
5748	-1851.311	-2134.473	283.1612	1.297539	0.1585991	3.424446
5754	-1843.735	-2126.834	283.0992	1.277957	0.1835989	3.424446
5760	-1839.922	-2122.142	282.2199	1.13324	0.1449607	4.089796
5766	-1848.196	-2130.345	282.1486	1.128605	0.1670723	4.089796
5772	-1840.359	-2122.052	281.6937	1.085807	0.2611003	4.218254
5778	-1841.608	-2122.471	280.8633	1.028816	0.1212779	4.961007
5784	-1841.746	-2121.1	279.3539	1.001131	0.1212779	5.808378
5790	-1837.582	-2118.547	280.9654	0.9749193	0.1695815	4.838109
5796	-1833.68	-2116.063	282.3824	1.046947	0.1645587	4.007767
5802	-1841.992	-2123.269	281.2778	1.083207	0.2097383	4.533303
5808	-1831.299	-2113.736	282.4373	0.9838663	0.2259819	3.905613
5814	-1835.3	-2119.094	283.7938	1.291089	0.1835224	3.005407
5820	-1829.003	-2112.956	283.953	1.30186	0.1337095	3.005407
5826	-1823.144	-2103.759	280.6141	1.054524	0.1464527	5.033205
5832	-1823.755	-2103.494	279.7384	0.9752893	0.1464527	5.560455
5838	-1820.51	-2102.059	281.5492	1.234936	0.219279	4.2792
5844	-1825.478	-2109.225	283.747	1.315277	0.160139	3.064545
5850	-1814.724	-2097.629	282.9057	1.320309	0.1961904	3.490105
5856	-1821.645	-2105.167	283.522	1.303156	0.1635427	3.198829
5862	-1824.385	-2105.776	281.3909	1.140786	0.1527449	4.538913
5868	-1818.271	-2101.434	283.1622	1.313216	0.1501888	3.431714
5874	-1819.852	-2101.668	281.8163	1.13155	0.1618833	4.286657
5880	-1826.067	-2107.326	281.2594	1.074228	0.1707803	4.616
5886	-1830.162	-2111.846	281.6841	1.057057	0.1579526	4.410914
5892	-1832.79	-2114.126	281.3353	1.06173	0.2223167	4.492844
5898	-1834.741	-2117.32	282.578	1.191608	0.2150835	3.722777
5904	-1837.222	-2120.626	283.404	1.189721	0.2406658	3.199605
5910	-1836.649	-2119.279	282.6303	1.140294	0.191467	3.762606
5916	-1843.142	-2126.993	283.8512	1.405721	0.1851905	2.898742
5922	-1831.986	-2116.073	284.0869	1.399491	0.1640429	2.800984
5928	-1830.16	-2114.74	284.5801	1.51008	0.1855014	2.383845
5934	-1827.925	-2111.835	283.91	1.54542	0.1547773	2.838939
5940	-1840.075	-2123.62	283.545	1.282826	0.1517081	3.221201
5946	-1844.497	-2127.389	282.8918	1.246715	0.1379944	3.653243
5952	-1832.645	-2115.618	282.9731	1.259545	0.274918	3.360775
5958	-1835.805	-2118.581	282.7756	1.069509	0.230764	3.653733
5964	-1819.791	-2103.986	284.1948	1.373582	0.1620044	2.755129
5970	-1830.71	-2114.558	283.8479	1.470163	0.1862727	2.859668
5976	-1833.492	-2117.172	283.6799	1.253056	0.2152372	3.039493
5982	-1844.999	-2129.749	284.75	1.371937	0.1704992	2.394037
5988	-1837.201	-2119.497	282.2958	1.238257	0.1641964	3.948602
5994	-1830.44	-2113.947	283.5071	1.337405	0.1422609	3.231117
6000	-1829.422	-2113.345	283.9227	1.433872	0.2168292	2.780988
6006	-1842.854	-2127.845	284.9904	1.390278	0.2168292	2.13731
6012	-1843.477	-2128.263	284.7863	1.440042	0.1663056	2.336609
6018	-1830.267	-2114.6	284.3322	1.55072	0.1374337	2.614907
6024	-1837.404	-2122.497	285.0931	1.530311	0.1845351	2.041128
6030	-1822.707	-2105.312	282.6049	1.099227	0.1943847	3.795763
6036	-1824.792	-2107.788	282.9958	1.138785	0.1805033	3.571624
6042	-1842.468	-2127.072	284.6037	1.591855	0.1866678	2.314589
6048	-1841.623	-2125.724	284.1011	1.352799	0.2399369	2.68232
6054	-1826.806	-2110.316	283.5099	1.317942	0.2233179	3.088639
6060	-1823.83	-2105.631	281.8009	1.112521	0.1872154	4.259791
6066	-1827.973	-2110.119	282.1458	1.176705	0.1722895	4.054225
6072	-1838.002	-2120.932	282.9303	1.313097	0.1882301	3.494187
6078	-1825.336	-2108.558	283.2223	1.163785	0.2218952	3.352541
6084	-1827.642	-2110.407	282.7659	1.257567	0.2110253	3.582491
6090	-1827.724	-2111.189	283.4652	1.190709	0.2635935	3.127292
6096	-1828.156	-2111.953	283.7976	1.176304	0.2635935	2.936866
6102	-1824.157	-2106.413	282.2556	1.141295	0.1756114	4.005637
6108	-1820.469	-2104.105	283.6359	1.453146	0.177094	3.015149
6114	-1830.86	-2114.81	283.9505	1.442821	0.1299491	2.930597
6120	-1848.641	-2132.629	283.9874	1.42987	0.1230606	2.93199
6126	-1833.118	-2116.866	283.7481	1.39786	0.1420957	3.052216
6132	-1841.454	-2125.385	283.9307	1.350149	0.1673329	2.918896
6138	-1831.123	-2114.533	283.4099	1.324994	0.1659559	3.247482
6144	-1845.609	-2128.249	282.6399	1.097046	0.1659559	3.828823
6150	-1835.496	-2115.713	280.2173	0.8993943	0.1659559	5.301646
6156	-1831.046	-2111.028	279.9812	0.9281681	0.2936237	5.220015
6162	-1832.116	-2112.694	280.5788	1.029963	0.1547069	5.050404
6168	-1838.987	-2120.387	281.4004	0.9657052	0.2586985	4.455401
6174	-1841.626	-2122.679	281.0528	1.017337	0.2168973	4.6849
6180	-1832.542	-2114.073	281.5303	1.026834	0.2397076	4.3757
6186	-1843.011	-2125.414	282.4034	1.241163	0.2085544	3.805773
6192	-1835.467	-2117.057	281.5904	1.088417	0.1950737	4.378801
6198	-1850.85	-2133.613	282.7636	1.151533	0.2539374	3.577237
6204	-1833.497	-2116.412	282.9144	1.185417	0.2500081	3.475596
6210	-1840.532	-2123.702	283.1704	1.219307	0.1588789	3.464313
6216	-1829.825	-2112.471	282.646	0.9938213	0.2675017	3.716771
6222	-1844.183	-2127.719	283.5361	1.187638	0.167391	3.251292
6228	-1828.097	-2111.414	283.3174	1.161206	0.169635	3.391257
6234	-1835.049	-2117.238	282.1888	1.096149	0.1679974	4.083658
6240	-1845.325	-2126.406	281.081	1.093236	0.2524978	4.572267
6246	-1834.698	-2115.292	280.594	1.089216	0.2509639	4.849193
6252	-1833.931	-2114.647	280.7167	0.9616333	0.1870956	4.952908
6258	-1815.39	-2095.861	280.471	1.024294	0.1942301	5.042435
6264	-1812.513	-2092.092	279.579	0.7981026	0.1942301	5.659211
6270	-1817.168	-2096.33	279.1612	0.713018	0.1791792	5.95994
6276	-1821.029	-2102.249	281.2195	0.9027981	0.1859608	4.70726
6282	-1824.936	-2104.93	279.9946	0.9117201	0.1859608	5.382223
6288	-1822.233	-2103.513	281.2799	1.2454	0.143255	4.561334
6294	-1825.343	-2108.946	283.6023	1.1514	0.1646409	3.238962
6300	-1826.245	-2110.22	283.9742	1.268118	0.2616279	2.777229
6306	-1835.039	-2116.921	281.8819	1.202755	0.1541864	4.223994
6312	-1838.147	-2120.297	282.1506	1.233677	0.1957	3.977014
6318	-1845.253	-2127.213	281.9594	1.172203	0.1957	4.121164
6324	-1832.302	-2114.713	282.4114	1.13991	0.2201292	3.840317
6330	-1852.396	-2134.695	282.2989	1.267689	0.2562023	3.775572
6336	-1840.629	-2124.091	283.4622	1.234866	0.1778753	3.246902
6342	-1841.312	-2124.751	283.4387	1.305747	0.2228963	3.139019
6348	-1834.895	-2118.496	283.6015	1.187355	0.1771303	3.193986
6354	-1822.317	-2105.894	283.5768	1.28755	0.1544087	3.193986
6360	-1814.385	-2097.11	282.7255	1.18233	0.1544087	3.752872
6366	-1824.011	-2106.977	282.9666	1.111171	0.1459036	3.671898
6372	-1824.792	-2106.809	282.0166	1.023772	0.1629743	4.232137
6378	-1817.59	-2099.483	281.8927	1.165542	0.1577071	4.232137
6384	-1814.389	-2096.202	281.8128	1.140828	0.1718661	4.26468
6390	-1826.475	-2108.21	281.7351	1.218472	0.1718661	4.26468
6396	-1836.583	-2117.776	281.1936	1.245339	0.1178	4.663497
6402	-1831.576	-2115.119	283.5422	1.303923	0.2456575	3.041463
6408	-1822.728	-2106.826	284.0979	1.291379	0.2187571	2.757682
6414	-1821.061	-2103.364	282.3028	1.266566	0.18551	3.888952
6420	-1834.648	-2116.627	281.9795	1.005254	0.188887	4.216435
6426	-1854.933	-2135.333	280.3999	0.8682507	0.1731055	5.204993
6432	-1854.81	-2136.983	282.1728	1.078413	0.1902533	4.062514
6438	-1855.334	-2137.432	282.0974	1.222316	0.1902533	4.023391
6444	-1846.41	-2128.547	282.1367	1.141941	0.1360071	4.150699
6450	-1827.412	-2108.67	281.2573	1.132717	0.1850711	4.558736
6456	-1842.069	-2125.065	282.9961	1.311435	0.1355671	3.560346
6462	-1834.596	-2119.536	284.9396	1.536436	0.221812	2.065474
6468	-1819.698	-2104.101	284.4034	1.341285	0.221812	2.533253
6474	-1836.17	-2120.663	284.4925	1.460766	0.176453	2.487971
6480	-1833.582	-2117.559	283.9767	1.49129	0.1789496	2.782587
6486	-1838.045	-2121.386	283.3408	1.345885	0.104189	3.410838
6492	-1830.556	-2113.852	283.2962	1.345885	0.1227128	3.393333
6498	-1842.944	-2126.39	283.4462	1.152392	0.1907698	3.281184
6504	-1844.111	-2125.927	281.8162	1.119571	0.2983135	4.07788
6510	-1849.766	-2130.24	280.474	1.120395	0.2081598	4.964325
6516	-1837.204	-2118.103	280.8991	1.003183	0.1587576	4.879464
6522	-1838.102	-2120.914	282.8124	1.120635	0.2253339	3.611444
6528	-1838.428	-2119.611	281.183	1.168872	0.1149955	4.718483
6534	-1846.401	-2129.244	282.8432	1.404485	0.1153581	3.640067
6540	-1843.349	-2126.843	283.4947	1.339539	0.1430725	3.235475
6546	-1839.522	-2123.308	283.7859	1.334162	0.2519744	2.866607
6552	-1844.645	-2127.45	282.8048	1.298206	0.1830811	3.585271
6558	-1839.558	-2119.591	280.0327	0.9022065	0.1400807	5.451374
6564	-1843.347	-2125.486	282.1394	1.186401	0.1735795	4.049959
6570	-1844.927	-2128.345	283.4188	1.260768	0.136354	3.341105
6576	-1850.306	-2132.742	282.4364	1.033664	0.2187561	3.889199
6582	-1831.122	-2113.417	282.2952	1.271577	0.1667831	3.9249
6588	-1840.824	-2124.117	283.2933	1.25064	0.1845359	3.324827
6594	-1842.331	-2125.753	283.422	1.158241	0.1417833	3.387791
6600	-1844.742	-2124.901	280.1583	1.048558	0.1417833	5.298046
6606	-1843.418	-2123.334	279.9163	1.089604	0.2034268	5.298046
6612	-1826.788	-2110.578	283.7896	1.236367	0.1669525	3.072618
6618	-1821.368	-2104.92	283.5519	1.1487	0.220534	3.169036
6624	-1821.691	-2104.757	283.0652	1.263213	0.3003666	3.268549
6630	-1845.583	-2129.02	283.4373	1.282798	0.1515638	3.285164
6636	-1826.944	-2110.781	283.8364	1.301588	0.2154637	2.915937
6642	-1823.515	-2107.661	284.1458	1.358431	0.1844112	2.749955
6648	-1820.684	-2104.457	283.7736	1.242105	0.1844112	3.045196
6654	-1832.13	-2116.015	283.885	1.40683	0.2596051	2.750147
6660	-1821.16	-2104.924	283.7645	1.40683	0.2215702	2.885304
6666	-1834.369	-2117.808	283.4395	1.282929	0.2215702	3.154334
6672	-1833.466	-2115.266	281.8005	1.227961	0.1678874	4.229645
6678	-1826.521	-2108.157	281.6359	1.197384	0.1382517	4.398169
6684	-1829.542	-2112.363	282.8217	1.162456	0.1309546	3.757577
6690	-1838.584	-2120.665	282.0804	1.302374	0.1309546	4.102117
6696	-1826.321	-2108.777	282.4557	1.171742	0.1456221	3.931764
6702	-1829.422	-2112.264	282.842	1.163044	0.2399135	3.546412
6708	-1831.515	-2114.171	282.6561	1.22702	0.1367929	3.8033
6714	-1832.485	-2114.125	281.6403	1.131544	0.193062	4.329731
6720	-1829.361	-2111.869	282.5081	1.137684	0.2129051	3.797818
6726	-1827.397	-2111.698	284.3009	1.105932	0.1718118	2.833737
6732	-1817.05	-2100.34	283.2895	1.161992	0.2830069	3.22013
6738	-1829.413	-2112.659	283.2458	1.237071	0.2702205	3.22013
6744	-1828.269	-2111.757	283.4883	1.28145	0.1837053	3.192939
6750	-1830.959	-2114.855	283.8961	1.28145	0.1935607	2.931017
6756	-1822.349	-2105.703	283.354	1.171886	0.171903	3.359139
6762	-1822.147	-2104.475	282.3275	1.064363	0.2450181	3.892814
6768	-1831.83	-2113.633	281.8032	1.016681	0.1715655	4.340896
6774	-1831.639	-2113.348	281.7083	1.115118	0.1666707	4.347969
6780	-1842.229	-2124.986	282.7574	1.13376	0.2282085	3.631111
6786	-1824.727	-2108.158	283.4315	1.259555	0.1646114	3.276029
6792	-1839.291	-2123.017	283.7256	1.335166	0.296721	2.835564
6798	-1845.17	-2128.078	282.9084	1.263317	0.1405463	3.628639
6804	-1846.536	-2130.062	283.5264	1.301865	0.3014869	2.969261
6810	-1836.878	-2119.108	282.2303	1.149423	0.4243887	3.672832
6816	-1849.614	-2133.095	283.4811	1.27118	0.1394742	3.291576
6822	-1847.607	-2131.045	283.4377	1.27118	0.1888075	3.219593
6828	-1842.282	-2125.806	283.5239	1.138712	0.2199506	3.192567
6834	-1832.731	-2115.991	283.2598	1.325862	0.2481932	3.192567
6840	-1842.115	-2125.74	283.6257	1.416679	0.2444349	2.925524
6846	-1831.746	-2114.664	282.9178	1.255616	0.2673019	3.406636
6852	-1839.69	-2123.499	283.8088	1.308378	0.1400094	3.073948
6858	-1829.412	-2112.815	283.4028	1.226542	0.1693255	3.30323
6864	-1840.171	-2122.572	282.4016	1.116265	0.1852457	3.918954
6870	-1835.961	-2118.537	282.5759	1.066986	0.1852457	3.847186
6876	-1827.586	-2110.08	282.4939	1.33637	0.1596014	3.787387
6882	-1841.456	-2122.369	280.9137	1.139655	0.1392539	4.833533
6888	-1837.177	-2119.474	282.2965	0.9269	0.1913468	4.076424
6894	-1844.621	-2127.064	282.4428	1.039293	0.1651622	3.976473
6900	-1829.9	-2113.462	283.5617	1.247139	0.1651622	3.205311
6906	-1834.722	-2118.132	283.41	1.357182	0.1462799	3.268311
6912	-1838.128	-2122.819	284.6912	1.358122	0.2334473	2.321101
6918	-1829.834	-2114.722	284.8882	1.585509	0.1586489	2.194387
6924	-1837.298	-2121.753	284.455	1.593316	0.11544	2.564503
6930	-1840.134	-2121.621	281.4866	1.044335	0.2246027	4.413803
6936	-1830.272	-2112.666	282.3945	1.125779	0.2656991	3.788348
6942	-1837.838	-2120.285	282.4473	1.01067	0.2145664	3.903003
6948	-1840.608	-2122.03	281.4218	1.19552	0.2145664	4.38112
6954	-1832.7	-2114.462	281.7622	1.145405	0.1033423	4.433263
6960	-1830.47	-2113.024	282.5547	1.141942	0.1517651	3.879688
6966	-1815.287	-2096.941	281.654	1.033887	0.1791423	4.40161
6972	-1825.779	-2107.073	281.2947	1.111958	0.2070346	4.51207
6978	-1819.703	-2102.117	282.4146	1.238391	0.1462312	3.915917
6984	-1823.908	-2106.201	282.2932	1.192983	0.184536	3.938337
6990	-1826.716	-2108.919	282.2024	0.9878175	0.1601012	4.152581
6996	-1825.702	-2109.261	283.5592	1.358277	0.2038235	3.068641
7002	-1829.684	-2112.58	282.8958	1.347548	0.2038235	3.46669
7008	-1826.628	-2109.873	283.2453	1.136999	0.1903348	3.409128
7014	-1821.232	-2103.913	282.6808	1.132225	0.2489245	3.644057
7020	-1813.815	-2096.216	282.4008	1.190372	0.2334437	3.796151
7026	-1831.705	-2112.628	280.923	1.204728	0.2235932	4.642015
7032	-1844.805	-2128.085	283.28	1.167112	0.1533387	3.441874
7038	-1845.211	-2125.019	279.8083	0.8327099	0.2364983	5.44769
7044	-1845.15	-2126.69	281.5401	1.162173	0.1252428	4.499453
7050	-1825.084	-2107.572	282.4879	1.168283	0.1838635	3.842007
7056	-1825.833	-2107.075	281.2423	0.9852482	0.2636658	4.526222
7062	-1835.198	-2116.094	280.896	0.8859544	0.2636658	4.775886
7068	-1838.209	-2119.943	281.7337	1.069646	0.1823473	4.330721
7074	-1829.376	-2112.137	282.7612	1.151457	0.2665556	3.559966
7080	-1825.296	-2107.735	282.4391	1.195417	0.1766333	3.867622
7086	-1839.471	-2122.091	282.6204	1.052378	0.2123101	3.783233
7092	-1841.271	-2123.941	282.6701	1.149571	0.2065895	3.708072
7098	-1824.614	-2106.49	281.8758	1.054976	0.2065895	4.216826
7104	-1832.308	-2114.826	282.5186	1.177849	0.1790367	3.82767
7110	-1834.303	-2118.146	283.8428	1.393961	0.1155661	3.057999
7116	-1821.315	-2103.306	281.9916	1.282515	0.1359466	4.153356
7122	-1830.96	-2114.431	283.4719	1.31942	0.2770252	3.026486
7128	-1830.001	-2113.502	283.5009	1.272267	0.284487	3.026486
7134	-1829.561	-2113.545	283.9841	1.548437	0.1141513	2.883574
7140	-1825.417	-2108.532	283.1146	1.456152	0.1292511	3.420465
7146	-1823.654	-2107.525	283.8708	1.391492	0.2309618	2.814324
7152	-1833.245	-2116.865	283.6201	1.229043	0.1509794	3.210078
7158	-1840.929	-2123.961	283.032	1.270715	0.1576233	3.517568
7164	-1840.113	-2121.803	281.6895	1.110697	0.398379	4.034129
7170	-1835.914	-2117.327	281.4128	1.011523	0.1599797	4.585292
7176	-1836.064	-2117.559	281.4956	0.9995595	0.238152	4.413034
7182	-1826.621	-2108.5	281.8788	1.031189	0.223207	4.201597
7188	-1834.988	-2117.034	282.0459	1.107401	0.1668059	4.160815
7194	-1831.385	-2112.884	281.4986	0.9222067	0.1428497	4.620757
7200	-1833.303	-2115.046	281.7424	0.9966696	0.180927	4.369543
7206	-1835.669	-2117.855	282.1862	1.134357	0.1672601	4.064747
7212	-1837.063	-2118.302	281.239	0.9499917	0.1672601	4.703528
7218	-1831.203	-2112.714	281.5111	0.9615931	0.1381758	4.601166
7224	-1844.4	-2126.644	282.2439	0.9911696	0.1983296	4.057671
7230	-1833.616	-2116.291	282.6748	1.197988	0.2320898	3.63554
7236	-1827.038	-2109.836	282.7974	1.140766	0.2089269	3.63554
7242	-1828.077	-2110.448	282.3718	1.037374	0.2058391	3.945495
7248	-1824.945	-2108.477	283.5317	1.262394	0.1736252	3.197554
7254	-1840.305	-2123.894	283.5891	1.375423	0.129385	3.188162
7260	-1841.316	-2124.723	283.4074	1.268059	0.129385	3.358786
7266	-1829.194	-2112.16	282.9658	1.166741	0.1924725	3.551133
7272	-1851.601	-2136.261	284.6607	1.370844	0.1490793	2.496515
7278	-1849.529	-2133.31	283.7808	1.312698	0.1815773	3.003905
7284	-1848.568	-2132.73	284.1622	1.574729	0.2646024	2.466905
7290	-1845.888	-2130.857	284.9694	1.327781	0.1836676	2.255511
7296	-1850.215	-2132.446	282.2307	1.133181	0.1909599	3.996954
7302	-1860.995	-2143.45	282.4549	1.080859	0.2385628	3.820048
7308	-1839.058	-2121.408	282.3502	1.220784	0.2256811	3.820048
7314	-1858.932	-2142.972	284.0403	1.056212	0.2043343	2.9604
7320	-1845.024	-2127.234	282.2095	1.297917	0.1044186	4.090917
7326	-1838.542	-2120.893	282.3507	1.091541	0.3498873	3.721743
7332	-1833.894	-2116.602	282.7086	1.117059	0.2641538	3.614004
7338	-1827.125	-2110.041	282.9153	1.322047	0.1480558	3.574923
7344	-1830.95	-2114.672	283.7221	1.322142	0.1495562	3.097098
7350	-1831.188	-2114.704	283.5158	1.332051	0.2113241	3.097098
7356	-1840.404	-2124.254	283.8503	1.503831	0.1382684	2.935578
7362	-1837.868	-2119.436	281.5679	1.008303	0.255618	4.341347
7368	-1834.514	-2118.391	283.8779	1.300488	0.178199	2.959356
7374	-1843.435	-2126.604	283.1684	1.292182	0.1862524	3.370674
7380	-1850.507	-2131.252	280.7453	0.8632092	0.2420251	4.903941
7386	-1852.874	-2135.703	282.8296	1.015757	0.2164839	3.676718
7392	-1825.932	-2108.195	282.2621	1.076341	0.2164839	3.968332
7398	-1841.097	-2124.409	283.3127	1.280667	0.2469765	3.189938
7404	-1845.161	-2128.407	283.2456	1.05988	0.2239537	3.396431
7410	-1843.556	-2128.028	284.4714	1.304729	0.2827456	2.414063
7416	-1844.641	-2128.916	284.2751	1.337779	0.1859755	2.680345
7422	-1845.981	-2128.641	282.6596	1.114585	0.2222785	3.708364
7428	-1827.423	-2109.655	282.2319	1.12892	0.223151	3.944699
7434	-1846.614	-2130.839	284.2247	1.316678	0.223151	2.656837
7440	-1833.532	-2117.657	284.1255	1.169053	0.2014109	2.845988
7446	-1826.475	-2109.898	283.4231	1.255446	0.2199829	3.183025
7452	-1831.629	-2115.439	283.8104	1.293163	0.212619	2.941593
7458	-1839.212	-2123.534	284.3222	1.211235	0.1705007	2.759299
7464	-1835.396	-2117.622	282.2257	1.083983	0.2106282	3.994365
7470	-1823.021	-2107.101	284.0801	1.182389	0.16523	2.934163
7476	-1834.61	-2118.257	283.6462	1.381458	0.16523	3.075033
7482	-1845.423	-2130.021	284.5983	1.434914	0.1943507	2.402604
7488	-1826.498	-2111.028	284.5294	1.486791	0.1999987	2.402604
7494	-1849.692	-2133.287	283.5954	1.184401	0.1634918	3.225785
7500	-1845.604	-2126.203	280.5989	0.9410426	0.2429639	4.94069
7506	-1838.79	-2120.96	282.1699	1.087377	0.2256367	3.999984
7512	-1827.848	-2111.281	283.4334	1.279582	0.1720665	3.248597
7518	-1840.243	-2122.781	282.5385	1.185205	0.1390839	3.890109
7524	-1829.414	-2110.126	280.7119	1.006003	0.1650138	4.970385
7530	-1833.181	-2114.048	280.8664	1.104167	0.1650138	4.8297
7536	-1818.986	-2102.131	283.1452	1.139045	0.1755804	3.493608
7542	-1823.33	-2106.754	283.4239	1.142488	0.2256529	3.24004
7548	-1820.417	-2102.288	281.8717	1.107774	0.2256529	4.158247
7554	-1827.947	-2109.886	281.9386	1.040877	0.2256529	4.158247
7560	-1821.112	-2103.909	282.7975	1.215695	0.168459	3.664623
7566	-1821.292	-2103.975	282.6826	1.19749	0.1112595	3.861669
7572	-1831.718	-2114.209	282.4919	1.154971	0.1112595	3.995285
7578	-1827.992	-2110.526	282.5344	1.492894	0.09785467	3.809151
7584	-1827.263	-2110.819	283.5557	1.303534	0.1817802	3.14342
7590	-1817.113	-2100.823	283.71	1.198777	0.16646	3.14342
7596	-1831.819	-2115.693	283.8735	1.332963	0.16646	2.96546
7602	-1819.197	-2102.138	282.9408	1.277449	0.2479738	3.409463
7608	-1826.055	-2108.857	282.8025	1.319694	0.2862386	3.409463
7614	-1832.722	-2116.001	283.2795	1.254411	0.1763751	3.34592
7620	-1835.492	-2118.413	282.9208	1.083274	0.1763751	3.655016
7626	-1835.411	-2117.115	281.7038	1.048679	0.1763751	4.370175
7632	-1838.048	-2119.512	281.464	0.9933295	0.2245135	4.455429
7638	-1833.977	-2116.151	282.1736	1.057751	0.2179549	4.027108
7644	-1841.642	-2124.302	282.6606	1.181122	0.2456954	3.632371
7650	-1836.328	-2117.93	281.6021	1.047282	0.2095374	4.371183
7656	-1822.826	-2106.284	283.4584	1.066843	0.1417436	3.420119
7662	-1826.257	-2109.066	282.8093	1.188479	0.3330413	3.419671
7668	-1820.974	-2102.309	281.3354	1.040064	0.2968166	4.397474
7674	-1835.682	-2115.539	279.8571	1.062879	0.2876525	5.222026
7680	-1848.738	-2129.411	280.673	1.045233	0.1408511	5.016795
7686	-1841.75	-2123.38	281.6298	1.083593	0.1939446	4.361208
7692	-1834.317	-2116.376	282.0596	1.123824	0.1767774	4.125206
7698	-1849.908	-2133.833	283.9253	1.498075	0.1152051	2.946905
7704	-1830.266	-2111.867	281.6018	1.176408	0.2044944	4.306751
7710	-1837.249	-2119.4	282.1515	0.9941035	0.2370371	4.045883
7716	-1828.372	-2111.601	283.2292	1.239707	0.151002	3.433878
7722	-1836.854	-2121.491	284.6365	1.390656	0.151002	2.495043
7728	-1844.948	-2127.262	282.3142	1.351587	0.2075618	3.795201
7734	-1828.777	-2112.324	283.5471	1.241808	0.2132246	3.128909
7740	-1833.049	-2116.131	283.0825	1.334753	0.2221328	3.333831
7746	-1832.665	-2116.288	283.6224	1.196109	0.2439749	3.060643
7752	-1829.756	-2113.53	283.7742	1.30218	0.2611162	2.878799
7758	-1822.548	-2105.87	283.3217	1.138696	0.218173	3.315016
7764	-1822.482	-2106.663	284.1814	1.31815	0.246027	2.644284
7770	-1829.948	-2114.213	284.2653	1.321606	0.2686037	2.554274
7776	-1835.468	-2120.701	285.2333	1.569581	0.207063	1.87476
7782	-1843.91	-2128.972	285.0621	1.597675	0.2268621	1.933539
7788	-1843.467	-2127.799	284.3315	1.308032	0.144292	2.749205
7794	-1836.977	-2120.549	283.572	1.284266	0.1946363	3.12153
7800	-1838.82	-2121.416	282.596	1.147477	0.1271658	3.904198
7806	-1847.479	-2128.98	281.5003	0.9824924	0.1199996	4.634102
7812	-1842.927	-2126.756	283.8294	1.344301	0.1804702	2.957849
7818	-1829.213	-2112.376	283.1626	1.217526	0.2291656	3.344154
7824	-1824.098	-2107.658	283.5606	1.189825	0.1244225	3.325821
7830	-1846.946	-2129.427	282.4813	1.249747	0.1670589	3.830086
7836	-1835.605	-2118.02	282.4152	1.038604	0.1670589	3.989068
7842	-1837.694	-2119.655	281.9614	1.189989	0.1206919	4.25588
7848	-1829.023	-2111.199	282.1759	1.184825	0.1348825	4.106356
7854	-1828.393	-2109.962	281.5686	1.098958	0.1818745	4.408209
7860	-1828.853	-2110.231	281.3783	1.084076	0.1884319	4.512211
7866	-1826.233	-2107.447	281.2138	0.9519188	0.1884319	4.67864
7872	-1832.283	-2114.146	281.8632	0.9751725	0.210475	4.262773
7878	-1829.733	-2112.054	282.3215	0.9751736	0.2293358	3.971625
7884	-1831.454	-2114.304	282.8502	1.378985	0.1950257	3.490332
7890	-1841.363	-2121.497	280.1335	1.007419	0.197523	5.233185
7896	-1848.27	-2128.717	280.4474	1.047989	0.2182084	5.003261
7902	-1843.097	-2124.704	281.6063	0.9820144	0.2248395	4.381064
7908	-1854.405	-2136.69	282.2842	1.266949	0.1866866	3.897268
7914	-1848.124	-2132.532	284.407	1.380425	0.2141997	2.520055
7920	-1836.965	-2120.662	283.6974	1.292862	0.1486772	3.131123
7926	-1830.389	-2112.601	282.2125	1.09907	0.2142712	3.987306
7932	-1841.85	-2123.73	281.8803	1.27633	0.3850669	3.844885
7938	-1831.679	-2115.612	283.9332	1.424051	0.1787294	2.850333
7944	-1840.105	-2122.905	282.7994	1.152058	0.2604795	3.546317
7950	-1826.64	-2109.458	282.8183	1.222485	0.2268658	3.546317
7956	-1830.275	-2111.451	281.1764	1.135635	0.1515511	4.664495
7962	-1832.877	-2115.219	282.3416	1.159847	0.2127688	3.880992
7968	-1845.279	-2127.897	282.6178	1.127999	0.1689043	3.818116
7974	-1846.173	-2127.732	281.5592	1.172312	0.1319099	4.468749
7980	-1835.029	-2115.692	280.663	1.231557	0.1202122	4.961945
7986	-1840.803	-2121.242	280.4391	1.035679	0.1576546	5.119086
7992	-1838.618	-2118.663	280.0456	0.9429933	0.1583248	5.386487
7998	-1838.071	-2119.809	281.7374	1.062396	0.1352147	4.423379
8004	-1836.99	-2119.157	282.1665	1.130752	0.1577673	4.096198
8010	-1829.256	-2110.8	281.5438	1.016948	0.2154807	4.411537
8016	-1836.103	-2117.804	281.7012	0.9069959	0.1992489	4.411537
8022	-1840.994	-2124.885	283.8905	1.517053	0.1710891	2.834727
8028	-1855.149	-2135.14	279.9917	1.218491	0.184808	5.216455
8034	-1858.062	-2138.247	280.1845	1.080769	0.184808	5.185964
8040	-1843.591	-2126.473	282.8824	1.186209	0.184808	3.602099
8046	-1831.166	-2111.78	280.6134	0.9495751	0.1680899	5.050749
8052	-1829.243	-2108.968	279.7251	0.8159274	0.2267293	5.517381
8058	-1845.424	-2124.384	278.96	1.168842	0.1629708	5.849766
8064	-1841.301	-2126.338	285.0368	1.60462	0.2289998	1.941938
8070	-1818.175	-2102.564	284.3889	1.487832	0.2291012	2.437901
8076	-1818.888	-2102.366	283.4785	1.192848	0.1970565	3.226911
8082	-1816.691	-2100.336	283.645	1.292018	0.1955616	3.071689
8088	-1816.63	-2100.419	283.789	1.311915	0.2496348	2.881859
8094	-1821.981	-2106.605	284.6239	1.538752	0.2634141	2.197752
8100	-1822.434	-2106.65	284.2164	1.54734	0.1975104	2.565309
8106	-1825.198	-2109.543	284.3452	1.459433	0.2183324	2.50194
8112	-1829.912	-2113.425	283.5127	1.260516	0.1792051	3.199358
8118	-1829.557	-2112.772	283.2157	1.260516	0.2872911	3.199358
8124	-1830.442	-2114.938	284.4955	1.399487	0.242609	2.4033
8130	-1828.648	-2111.358	282.7092	1.415953	0.1783587	3.581077
8136	-1825.165	-2108.958	283.7929	1.369653	0.1991854	2.929835
8142	-1837.611	-2121.798	284.1871	1.381361	0.2022847	2.677149
8148	-1836.835	-2120.856	284.0211	1.51362	0.2065178	2.69021
8154	-1827.857	-2112.004	284.1472	1.37304	0.211484	2.69021
8160	-1828.116	-2112.795	284.6793	1.549636	0.2225285	2.225278
8166	-1841.316	-2126.464	285.1476	1.549636	0.2137685	1.933201
8172	-1825.305	-2110.448	285.1436	1.342708	0.1819192	2.136634
8178	-1828.945	-2113.692	284.7471	1.392176	0.1604666	2.404168
8184	-1821.16	-2104.258	283.0978	1.30287	0.1499599	3.475882
8190	-1840.931	-2122.52	281.5887	1.158204	0.1646107	4.395044
8196	-1841.995	-2123.49	281.4954	1.240001	0.3319142	4.148703
8202	-1825.314	-2108.308	282.9937	1.219101	0.1649174	3.555602
8208	-1830.639	-2113.535	282.8961	1.219101	0.2460667	3.472633
8214	-1833.67	-2116.186	282.5162	1.185675	0.1854504	3.812899
8220	-1830.411	-2111.411	281.0003	1.219856	0.1676514	4.685331
8226	-1830.82	-2113.666	282.8461	1.336014	0.1411782	3.621296
8232	-1833.044	-2115.535	282.4916	1.098281	0.1433274	3.957978
8238	-1830.742	-2114.505	283.7632	1.295999	0.1779977	3.031268
8244	-1820.556	-2104.939	284.3831	1.324793	0.1751596	2.642939
8250	-1818.696	-2102.793	284.0964	1.243995	0.1445851	2.930111
8256	-1831.56	-2115.408	283.8482	1.24172	0.1545325	3.059508
8262	-1833.445	-2115.427	281.9813	1.161656	0.1463899	4.206413
8268	-1827.553	-2111.994	284.4416	1.463148	0.2158131	2.443693
8274	-1828.217	-2112.806	284.589	1.358593	0.1386833	2.572001
8280	-1829.474	-2113.431	283.957	1.358593	0.1610144	2.910647
8286	-1832.173	-2114.225	282.0514	1.015932	0.1610144	4.220608
8292	-1841.902	-2123.196	281.2933	1.206999	0.1599968	4.542579
8298	-1837.878	-2120.124	282.246	1.105966	0.1604931	4.059732
8304	-1844.246	-2127.301	283.0552	1.228104	0.130219	3.586019
8310	-1832.032	-2114.267	282.2341	1.178973	0.1571444	4.031393
8316	-1826.977	-2108.942	281.965	1.373545	0.1797449	4.031393
8322	-1836.674	-2119.436	282.7622	1.332887	0.1797449	3.595978
8328	-1848.067	-2132.262	284.1941	1.40866	0.1350245	2.792234
8334	-1841.764	-2126.24	284.4763	1.564954	0.1537418	2.480278
8340	-1850.665	-2135.713	285.0483	1.697832	0.2846554	1.772204
8346	-1849.423	-2134.666	285.2431	1.458745	0.2542036	1.855281
8352	-1850.041	-2133.172	283.1311	1.226986	0.17053	3.46007
8358	-1845.275	-2127.788	282.5124	1.270864	0.2271314	3.695269
8364	-1840.092	-2124.846	284.7539	1.551446	0.1859978	2.245623
8370	-1826.562	-2108.803	282.2408	1.002425	0.2092543	4.034627
8376	-1831.074	-2114.914	283.8393	1.264273	0.2128966	2.941097
8382	-1855.419	-2138.516	283.0971	1.235952	0.1856574	3.446462
8388	-1850.563	-2133.721	283.158	1.394086	0.2012497	3.289947
8394	-1855.353	-2136.658	281.3051	1.119214	0.2191904	4.482422
8400	-1853.42	-2134.492	281.0725	1.132506	0.1419798	4.743317
8406	-1846.982	-2129.278	282.2958	1.147581	0.1391866	4.050228
8412	-1832.729	-2117.814	285.0856	1.401755	0.1776996	2.14467
8418	-1842.509	-2127.796	285.2872	1.628782	0.262721	1.6909
8424	-1847.491	-2130.119	282.6279	1.199389	0.1839045	3.743406
8430	-1830.8	-2114.056	283.2559	1.125694	0.23871	3.328005
8436	-1830.951	-2113.595	282.6439	1.155662	0.2282354	3.684083
8442	-1832.144	-2115.147	283.003	1.165775	0.2414664	3.448511
8448	-1839.855	-2122.447	282.5922	1.200169	0.1589322	3.810521
8454	-1837.413	-2120.216	282.8028	1.182992	0.1481818	3.720409
8460	-1832.996	-2112.814	279.8179	0.9190258	0.151862	5.537274
8466	-1823.636	-2105.346	281.7094	1.003907	0.2420336	4.283929
8472	-1819.606	-2101.614	282.0077	1.003052	0.2275769	4.137464
8478	-1840.586	-2122.253	281.6677	1.255025	0.1758891	4.274789
8484	-1845.195	-2128.064	282.8691	1.387478	0.1782763	3.504701
8490	-1828.928	-2113.412	284.4841	1.337744	0.1751836	2.57239
8496	-1838.803	-2123.181	284.3779	1.490223	0.1146902	2.677701
8502	-1846.936	-2129.777	282.8414	1.158853	0.2600136	3.518595
8508	-1846.586	-2129.209	282.6231	1.163588	0.1709847	3.790647
8514	-1830.098	-2114.147	284.0491	1.437919	0.2778885	2.601993
8520	-1831.289	-2114.986	283.6973	1.263969	0.3506063	2.823293
8526	-1831.651	-2116.109	284.4582	1.289826	0.1839779	2.600874
8532	-1827.402	-2110.272	282.8694	1.290548	0.2556531	3.431879
8538	-1815.937	-2096.541	280.6042	1.081786	0.2423141	4.860327
8544	-1830.838	-2112.745	281.9066	1.105648	0.2280913	4.135806
8550	-1822.941	-2105.531	282.5902	1.151715	0.1664771	3.824973
8556	-1820.33	-2103.902	283.5721	1.372808	0.1421016	3.171962
8562	-1825.281	-2109.389	284.1085	1.333113	0.1515887	2.853975
8568	-1832.43	-2116.976	284.5459	1.49589	0.2224313	2.345233
8574	-1826.335	-2111.143	284.8075	1.525028	0.1873847	2.225317
8580	-1833.385	-2117.369	283.9845	1.310418	0.1873847	2.871633
8586	-1826.32	-2110.898	284.5787	1.396057	0.1700187	2.487608
8592	-1841.534	-2125.308	283.7742	1.360365	0.135882	3.072579
8598	-1845.325	-2127.381	282.056	0.9535721	0.2062056	4.172744
8604	-1847.173	-2127.566	280.3924	1.144737	0.415766	4.728517
8610	-1840.568	-2124.79	284.2223	1.478149	0.1745684	2.648716
8616	-1824.187	-2107.517	283.3297	1.365284	0.1691485	3.26482
8622	-1825.789	-2109.91	284.121	1.388034	0.1461027	2.824795
8628	-1829.252	-2113.079	283.8263	1.361521	0.2501166	2.828405
8634	-1834.639	-2116.5	281.8608	1.173788	0.247808	4.092826
8640	-1828.856	-2110.549	281.6925	1.02514	0.1947965	4.357382
8646	-1834.651	-2116.452	281.8013	1.082468	0.1670568	4.313102
8652	-1860.028	-2142.077	282.0487	1.082468	0.4360968	3.803919
8658	-1849.041	-2132.197	283.1564	1.385103	0.329288	3.103409
8664	-1833.941	-2116.734	282.793	1.356077	0.2052536	3.519217
8670	-1849.445	-2130.138	280.6927	1.057228	0.1936575	4.901838
8676	-1841.443	-2123.386	281.9422	1.074099	0.1386251	4.294039
8682	-1827.952	-2110.992	283.0398	1.165398	0.1391879	3.612063
8688	-1838.401	-2120.037	281.6356	1.169244	0.2571175	4.209675
8694	-1827.561	-2110.849	283.2888	1.159284	0.2335637	3.297053
8700	-1824.314	-2107.716	283.4022	1.167214	0.1915109	3.297053
8706	-1821.848	-2104.472	282.6247	1.090014	0.2080093	3.766296
8712	-1820.317	-2102.699	282.3817	1.161048	0.2838788	3.749567
8718	-1833.493	-2114.238	280.7443	1.264541	0.120311	4.89814
8724	-1826.681	-2110.328	283.6465	1.313471	0.1468287	3.152978
8730	-1823.997	-2105.055	281.058	0.9986359	0.1751836	4.763019
8736	-1829.574	-2111.495	281.9206	1.113884	0.1751836	4.212705
8742	-1837.445	-2119.68	282.2354	1.091274	0.2307889	3.952138
8748	-1841.309	-2122.784	281.475	1.102102	0.1786936	4.464856
8754	-1841.437	-2124.196	282.7591	1.28277	0.1605096	3.6634
8760	-1835.785	-2120.053	284.2678	1.412179	0.1749221	2.660642
8766	-1842.212	-2125.327	283.1152	1.399644	0.2325746	3.259241
8772	-1833.627	-2115.041	281.4137	0.9620105	0.1627788	4.607244
8778	-1830.095	-2111.942	281.8474	1.120554	0.1972502	4.211475
8784	-1811.247	-2092.962	281.7146	1.154147	0.1566848	4.341357
8790	-1823.801	-2107.324	283.5234	1.358615	0.1596333	3.172912
8796	-1826.215	-2110.529	284.3133	1.420261	0.1631727	2.651423
8802	-1825.484	-2110.596	285.1128	1.479879	0.1444087	2.149369
8808	-1827.768	-2111.756	283.9876	1.489004	0.1828749	2.769747
8814	-1842.26	-2123.818	281.5581	1.459956	0.138726	4.292821
8820	-1823.575	-2106.371	282.7962	1.291221	0.1871112	3.587018
8826	-1828.316	-2110.997	282.6807	1.177804	0.1871112	3.719627
8832	-1829.782	-2112.042	282.2599	1.235023	0.1105409	4.083644
8838	-1826.567	-2109.137	282.5698	1.181045	0.2214684	3.723193
8844	-1840.375	-2122.498	282.1231	1.119892	0.2443155	3.97917
8850	-1837.236	-2118.203	280.9662	1.016283	0.2443155	4.691758
8856	-1837.998	-2121.193	283.1948	1.220482	0.14963	3.46803
8862	-1835.877	-2118.973	283.0966	1.330521	0.2134892	3.342426
8868	-1833.199	-2116.825	283.6256	1.335352	0.1471208	3.151826
8874	-1826.499	-2109.201	282.7016	1.23426	0.1274424	3.793025
8880	-1818.98	-2101.621	282.6409	1.118758	0.1536397	3.839749
8886	-1812.393	-2095.891	283.4971	1.417439	0.1848187	3.104845
8892	-1829.433	-2111.747	282.3139	1.121908	0.1997529	3.940523
8898	-1835.712	-2117.73	282.0179	1.104187	0.2125253	4.098292
8904	-1831.467	-2111.483	280.0163	1.056366	0.1757056	5.308381
8910	-1835.362	-2117.666	282.3041	1.181024	0.2109072	3.893444
8916	-1839.411	-2123.087	283.6759	1.28919	0.175735	3.091878
8922	-1844.249	-2125.986	281.7377	1.205031	0.0961869	4.430598
8928	-1842.819	-2126.122	283.3036	1.292055	0.1311441	3.401741
8934	-1850.168	-2133.08	282.9117	1.17878	0.1686791	3.619427
8940	-1835.708	-2119.835	284.1267	1.284613	0.2382745	2.711228
8946	-1841.419	-2122.416	280.9967	1.129872	0.2669748	4.57827
8952	-1843.25	-2127.169	283.9188	1.402079	0.203153	2.826902
8958	-1846.789	-2130.766	283.9763	1.590084	0.1809925	2.718466
8964	-1853.981	-2137.923	283.9418	1.422657	0.1599321	2.883341
8970	-1829.93	-2112.158	282.2279	1.07137	0.1984461	4.020851
8976	-1839.22	-2122.398	283.178	1.215985	0.1814762	3.418509
8982	-1826.713	-2108.395	281.6815	1.048029	0.1789666	4.378449
8988	-1835.933	-2117.465	281.5315	1.198031	0.1789666	4.378449
8994	-1843.871	-2127.796	283.9249	1.418266	0.1366587	2.945746
9000	-1841.533	-2125.248	283.7151	1.35679	0.1940299	2.993764
9006	-1837.261	-2121.386	284.1241	1.521652	0.1090637	2.827459
9012	-1852.513	-2134.395	281.8821	0.9843633	0.1666526	4.323678
9018	-1858.34	-2139.346	281.0059	1.181644	0.3451336	4.44262
9024	-1851.421	-2133.028	281.6076	1.005602	0.2055304	4.398235
9030	-1849.314	-2131.968	282.6541	1.093787	0.2959562	3.614237
9036	-1831.65	-2114.032	282.3815	1.308549	0.1641629	3.859204
9042	-1831.22	-2112.336	281.1167	1.08085	0.1596156	4.713048
9048	-1846.201	-2128.188	281.987	0.951697	0.1745454	4.268193
9054	-1836.174	-2117.54	281.3655	1.027078	0.2245539	4.491812
9060	-1829.569	-2111.705	282.1368	1.14185	0.2305234	3.980012
9066	-1832.354	-2113.32	280.9664	1.020092	0.1802941	4.793097
9072	-1846.733	-2128.512	281.779	1.084847	0.2184873	4.235307
9078	-1842.328	-2125.163	282.8349	1.285973	0.1673685	3.604287
9084	-1838.375	-2120.467	282.0921	1.135246	0.2005341	4.058348
9090	-1847.034	-2128.789	281.7547	1.304475	0.1271018	4.294094
9096	-1839.486	-2120.983	281.4978	1.026321	0.1581563	4.532752
9102	-1827.318	-2109.802	282.4839	1.127123	0.157899	3.916663
9108	-1833.067	-2114.362	281.2949	1.127123	0.1319177	4.642563
9114	-1825.609	-2108.324	282.7149	1.226332	0.2294479	3.600051
9120	-1827.696	-2108.076	280.3798	1.067601	0.1997931	5.059684
9126	-1827.304	-2110.193	282.8889	1.259666	0.2853649	3.395204
9132	-1829.267	-2111.68	282.4138	1.131334	0.1447509	3.980649
9138	-1829.129	-2111.138	282.0094	1.097742	0.1427487	4.234111
9144	-1825.35	-2107.833	282.4834	1.168971	0.1445041	3.919789
9150	-1829.777	-2111.52	281.7439	1.025443	0.1911953	4.334386
9156	-1821.812	-2103.129	281.3171	1.225294	0.2456001	4.375184
9162	-1826.763	-2109.996	283.2334	1.196131	0.192408	3.377722
9168	-1832.422	-2116.585	284.1631	1.396397	0.1740253	2.736345
9174	-1827.9	-2112.285	284.3845	1.538898	0.1880589	2.483772
9180	-1830.595	-2114.823	284.2281	1.406639	0.1318626	2.77989
9186	-1838.734	-2122.277	283.5435	1.448211	0.1448737	3.138269
9192	-1840.335	-2123.913	283.5778	1.362302	0.2103502	3.043694
9198	-1845.569	-2128.43	282.8618	1.34462	0.142778	3.603827
9204	-1843.697	-2126.999	283.3021	1.397725	0.137717	3.326236
9210	-1836.223	-2119.7	283.4776	1.235264	0.1771188	3.238983
9216	-1835.909	-2120.016	284.1067	1.347517	0.1628213	2.823063
9222	-1839.122	-2121.449	282.3264	1.275295	0.1873347	3.867088
9228	-1841.301	-2122.53	281.2298	1.077551	0.1697687	4.632621
9234	-1843.487	-2124.769	281.2821	1.008393	0.2081721	4.575455
9240	-1831.973	-2115.078	283.1049	1.268514	0.1814276	3.43062
9246	-1831.504	-2113.54	282.0367	1.20979	0.1764089	4.089964
9252	-1835.72	-2118.408	282.6877	1.186887	0.149734	3.781438
9258	-1842.962	-2125.653	282.6911	1.116069	0.1621655	3.795666
9264	-1829.941	-2112.628	282.6877	1.232115	0.214079	3.637534
9270	-1834.371	-2116.949	282.5785	1.337643	0.1267022	3.806016
9276	-1833.847	-2117.078	283.2308	1.165193	0.1713493	3.436333
9282	-1841.808	-2123.806	281.9976	1.227533	0.1499086	4.152713
9288	-1833.45	-2116.904	283.4543	1.227533	0.2070644	3.203096
9294	-1840.095	-2122.657	282.5616	1.158441	0.1600074	3.850014
9300	-1855.723	-2137.122	281.399	1.118995	0.1600074	4.532648
9306	-1850.222	-2130.16	279.9382	0.8301405	0.2374212	5.376172
9312	-1849.755	-2131.003	281.2473	0.9713822	0.1309048	4.758484
9318	-1851.133	-2131.704	280.571	0.8456279	0.1777521	5.114504
9324	-1840.034	-2125.146	285.1123	1.530089	0.1741721	2.050345
9330	-1839.92	-2124.43	284.5096	1.393168	0.1965252	2.480467
9336	-1837.914	-2122.041	284.1269	1.393168	0.1941163	2.721951
9342	-1831.399	-2113.477	282.0783	1.246913	0.3877958	3.744726
9348	-1838.848	-2120.214	281.3663	1.122558	0.4384009	4.168811
9354	-1824.965	-2107.762	282.7967	1.281674	0.2889836	3.431245
9360	-1826.37	-2108.306	281.9358	1.154575	0.3085891	3.976007
9366	-1832.071	-2114.313	282.2419	1.109266	0.2113745	3.969424
9372	-1832.542	-2112.651	280.1086	1.207328	0.1231081	5.276354
9378	-1842.642	-2125.16	282.5182	1.157071	0.2362949	3.743201
9384	-1830.017	-2112.842	282.8245	1.29668	0.3190996	3.365361
9390	-1822.804	-2106.262	283.4584	1.235565	0.2113299	3.188548
9396	-1832.651	-2116.073	283.4221	1.240456	0.2479019	3.147398
9402	-1832.247	-2115.277	283.0307	1.346883	0.2119413	3.374157
9408	-1845.67	-2128.612	282.9421	1.284473	0.2662372	3.377047
9414	-1845.673	-2126.771	281.0983	1.322065	0.5383016	4.112075
9420	-1832.038	-2114.842	282.804	1.365594	0.1881762	3.537301
9426	-1830.759	-2113.215	282.4556	1.181575	0.1860306	3.849036
9432	-1834.596	-2117.5	282.9038	1.232536	0.2021387	3.531999
9438	-1830.393	-2112.788	282.3944	1.254953	0.1564062	3.897638
9444	-1819.519	-2103.031	283.5119	1.246411	0.1851907	3.196963
9450	-1818.001	-2101.457	283.4554	1.334406	0.1851907	3.178332
9456	-1832.894	-2117.909	285.0153	1.576816	0.172253	2.087589
9462	-1837.098	-2120.695	283.5967	1.332931	0.1806035	3.103755
9468	-1847.136	-2130.207	283.071	1.395918	0.1586599	3.419534
9474	-1856.308	-2139.355	283.0471	1.192314	0.2484778	3.396245
9480	-1855.667	-2137.053	281.3864	0.9521181	0.1944244	4.571477
9486	-1846.218	-2127.571	281.3528	1.053379	0.2012498	4.521924
9492	-1836.713	-2120.637	283.9245	1.298064	0.1818244	2.925825
9498	-1841.76	-2125.835	284.0754	1.38447	0.1739131	2.79738
9504	-1842.492	-2126.436	283.9435	1.440584	0.1808263	2.829974
9510	-1878.174	-2162.32	284.1457	1.548429	0.1850522	2.632064
9516	-1861.158	-2145.219	284.0613	1.474268	0.2399322	2.632064
9522	-1842.248	-2125.334	283.086	1.39669	0.1498511	3.428135
9528	-1846.573	-2129.452	282.8795	1.338239	0.1498511	3.582689
9534	-1844.186	-2125.535	281.349	0.9124064	0.1858963	4.629485
9540	-1843.79	-2125.344	281.5545	1.06563	0.2127341	4.382459
9546	-1853.483	-2136.623	283.1404	1.233514	0.1321577	3.529056
9552	-1847.39	-2131.311	283.9205	1.455894	0.1513928	2.893855
9558	-1831.516	-2114.226	282.7098	1.206355	0.1545981	3.74771
9564	-1845.868	-2127.308	281.4396	1.202466	0.1846062	4.417743
9570	-1844.149	-2125.41	281.2604	0.9874474	0.2291589	4.565979
9576	-1849.741	-2131.332	281.5908	1.270565	0.1238056	4.412947
9582	-1842.859	-2126.461	283.6016	1.443556	0.1506025	3.094362
9588	-1833.625	-2117.642	284.0171	1.453393	0.2249213	2.697338
9594	-1831.304	-2114.223	282.9183	1.503951	0.1254973	3.515574
9600	-1825.073	-2110.155	285.0817	1.501352	0.1254973	2.201052
9606	-1829.18	-2113.832	284.6515	1.50412	0.1423543	2.433664
9612	-1845.815	-2128.694	282.879	1.263192	0.1423543	3.641941
9618	-1845.139	-2127.963	282.8242	1.189956	0.14586	3.708789
9624	-1830.849	-2113.66	282.8112	1.304719	0.1474597	3.646642
9630	-1848.713	-2130.673	281.9606	1.194086	0.2330659	4.046881
9636	-1840.616	-2122.605	281.9892	1.198874	0.1488355	4.175873
9642	-1834.839	-2119.64	284.8008	1.381592	0.1757581	2.344905
9648	-1827.61	-2112.589	284.9785	1.563371	0.2396964	1.989229
9654	-1832.155	-2116.632	284.4776	1.398944	0.1356727	2.622833
9660	-1851.956	-2137.186	285.2299	1.180911	0.1356727	2.287271
9666	-1835.821	-2120.232	284.4115	1.385934	0.2008481	2.538149
9672	-1850.657	-2135.066	284.4087	1.385934	0.2008481	2.53989
9678	-1851.868	-2136.369	284.501	1.492577	0.1615716	2.493385
9684	-1835.469	-2117.939	282.4699	1.151532	0.2248791	3.792283
9690	-1839.737	-2124.93	285.1921	1.376352	0.1955154	2.055097
9696	-1827.411	-2112.314	284.9023	1.457156	0.2345458	2.11897
9702	-1830.899	-2115.918	285.0196	1.519597	0.1664655	2.134711
9708	-1841.601	-2126.584	284.9834	1.519597	0.1664655	2.158346
9714	-1834.218	-2119.046	284.8286	1.508112	0.165409	2.268036
9720	-1826.481	-2110.448	283.9669	1.588765	0.1761077	2.734567
9726	-1835.1	-2119.764	284.6643	1.617972	0.189877	2.252725
9732	-1821.408	-2106.844	285.4364	1.813099	0.1435391	1.70743
9738	-1829.195	-2115.05	285.8551	1.677992	0.2076327	1.341495
9744	-1834.08	-2119.713	285.6331	1.561345	0.223891	1.564464
9750	-1841.335	-2127.057	285.7221	1.75209	0.1504092	1.527052
9756	-1826.06	-2110.152	284.0923	1.468558	0.1693261	2.74488
9762	-1827.304	-2110.039	282.7354	1.145107	0.2537512	3.597622
9768	-1831.891	-2114.028	282.1365	1.08729	0.1661759	4.12188
9774	-1833.206	-2113.911	280.7048	1.030499	0.325608	4.720215
9780	-1821.35	-2102.681	281.3308	1.024966	0.161298	4.621225
9786	-1836.466	-2118.803	282.3369	1.120029	0.1911593	3.943348
9792	-1838.094	-2120.732	282.6378	1.235055	0.2195866	3.655663
9798	-1841.896	-2125.396	283.5003	1.335249	0.1851204	3.151297
9804	-1854.088	-2137.914	283.8262	1.288752	0.1851204	2.984368
9810	-1836.541	-2118.297	281.7558	1.0325	0.2258379	4.266442
9816	-1820.403	-2102.696	282.2925	1.102162	0.1540505	4.047926
9822	-1822.378	-2104.23	281.8521	1.027593	0.1932728	4.268342
9828	-1821.303	-2103.81	282.5074	1.158946	0.1659012	3.86951
9834	-1830.431	-2110.838	280.4066	0.9939492	0.172081	5.133539
9840	-1830.066	-2111.749	281.6836	0.9987031	0.1608636	4.438536
9846	-1833.204	-2116.49	283.286	1.125393	0.2561049	3.283454
9852	-1842.379	-2124.021	281.6418	1.104352	0.1385711	4.446677
9858	-1840.12	-2123.984	283.864	1.365162	0.2046014	2.879888
9864	-1825.905	-2107.064	281.1586	0.9156373	0.177185	4.749633
9870	-1823.305	-2105.26	281.9549	0.9231671	0.2133077	4.235673
9876	-1821.309	-2102.848	281.5392	1.012071	0.2807826	4.319847
9882	-1836.036	-2117.783	281.7468	1.124141	0.167348	4.319847
9888	-1821.206	-2104.141	282.9349	1.07799	0.1914787	3.62243
9894	-1855.591	-2138.176	282.5843	1.46506	0.3594384	3.35655
9900	-1834.648	-2117.485	282.8375	1.250391	0.240623	3.497022
9906	-1832.441	-2116.446	284.0045	1.565334	0.2501235	2.594218
9912	-1823.283	-2106.967	283.6835	1.400236	0.1548431	3.062577
9918	-1817.689	-2101.372	283.6832	1.210635	0.2154212	3.062577
9924	-1832.972	-2115.284	282.3124	1.049502	0.1693239	4.037295
9930	-1822.665	-2106.032	283.3676	1.148109	0.1883471	3.334454
9936	-1817.932	-2101.507	283.5747	1.335585	0.135364	3.207062
9942	-1818.225	-2100.12	281.8948	1.039865	0.2245224	4.185519
9948	-1826.742	-2108.578	281.8353	1.067192	0.23622	4.185519
9954	-1840.235	-2123.644	283.4092	1.283164	0.1570355	3.290328
9960	-1829.631	-2111.688	282.0573	1.088616	0.1404958	4.216746
9966	-1820.568	-2101.418	280.8501	0.9975341	0.1906554	4.852488
9972	-1835.197	-2114.617	279.4202	0.9631239	0.2454614	5.576171
9978	-1834.903	-2116.8	281.897	1.030673	0.2200594	4.196574
9984	-1829.58	-2112.26	282.6792	1.370457	0.3507035	3.367081
9990	-1826.074	-2109.521	283.4472	1.212564	0.2673779	3.119313
9996	-1830.858	-2113.821	282.9634	1.19189	0.1859557	3.549621
10002	-1826.588	-2110.639	284.0502	1.355058	0.1807074	2.817378
10008	-1839.934	-2123.895	283.9611	1.272323	0.2353147	2.824662
10014	-1833.95	-2118.256	284.3058	1.357074	0.2066253	2.611084
10020	-1825.707	-2110.652	284.945	1.689326	0.1433339	2.124683
10026	-1818.086	-2101.979	283.8934	1.372911	0.2019201	2.862213
10032	-1829.088	-2113.182	284.0944	1.328084	0.2293799	2.719253
10038	-1830.507	-2114.361	283.8536	1.272059	0.2535455	2.860732
10044	-1839.664	-2124.004	284.3392	1.363798	0.1377911	2.724747
10050	-1835.65	-2118.352	282.7024	1.19532	0.2517038	3.590752
10056	-1837.005	-2120.501	283.4961	1.360492	0.1954108	3.119952
10062	-1846.38	-2130.543	284.1621	1.334423	0.1608456	2.801378
10068	-1830.181	-2113.141	282.9597	1.237025	0.1836209	3.529741
10074	-1820.699	-2102.4	281.7008	1.094442	0.1278183	4.441569
10080	-1817.594	-2100.769	283.175	1.213105	0.167653	3.448069
10086	-1819.672	-2102.846	283.174	1.213105	0.1679395	3.448069
10092	-1833.991	-2117.827	283.8358	1.205249	0.2071328	2.988791
10098	-1816.717	-2100.788	284.0709	1.449553	0.2071328	2.69791
10104	-1813.865	-2096.625	282.7599	1.449553	0.1436181	3.600328
10110	-1805.558	-2088.408	282.8504	1.222629	0.1843783	3.600328
10116	-1820.817	-2101.781	280.9642	1.041048	0.1753456	4.79144
10122	-1822.667	-2103.449	280.7819	1.102521	0.1535603	4.899349
10128	-1826.819	-2108.369	281.5498	1.158904	0.1721755	4.402517
10134	-1842.749	-2125.781	283.0322	1.238267	0.1633685	3.525045
10140	-1843.213	-2125.618	282.4051	1.344493	0.1307483	3.892915
10146	-1828.467	-2109.922	281.4546	0.9807193	0.1507847	4.596883
10152	-1838.312	-2120.026	281.7139	1.283297	0.1891213	4.20893
10158	-1832.758	-2116.903	284.1443	1.433216	0.1891213	2.696085
10164	-1830.109	-2113.388	283.2794	1.12115	0.1955916	3.389036
10170	-1840.904	-2125.929	285.025	1.469561	0.2762893	1.958058
10176	-1827.221	-2110.992	283.7711	1.24541	0.290079	2.871885
10182	-1831.884	-2114.392	282.5075	1.226455	0.2133861	3.746173
10188	-1841.591	-2126.081	284.4901	1.445586	0.1739326	2.504026
10194	-1851.383	-2131.148	279.7646	1.034733	0.163977	5.480225
10200	-1842.024	-2123.722	281.6986	1.063738	0.1665719	4.382632
10206	-1845.764	-2128.092	282.328	0.9967407	0.169675	4.0578
10212	-1835.962	-2116.655	280.6925	0.9461986	0.2265217	4.910579
10218	-1843.532	-2123.263	279.7309	0.8797446	0.15478	5.601061
10224	-1821.153	-2103.584	282.4303	1.089729	0.1460956	3.992244
10230	-1830.974	-2113.415	282.4404	1.24499	0.2554973	3.708035
10236	-1832.755	-2114.728	281.9735	0.9851616	0.3105467	4.048727
10242	-1844.961	-2127.177	282.2153	1.142338	0.1541675	4.068805
10248	-1841.95	-2125.322	283.372	1.159933	0.1636248	3.37161
10254	-1835.079	-2119.002	283.9232	1.444451	0.2226739	2.764183
10260	-1873.809	-2157.435	283.6258	1.414581	0.1180676	3.16911
10266	-1846.26	-2129.844	283.5847	1.164206	0.2777965	3.050717
10272	-1835.183	-2117.524	282.3413	1.152544	0.1525103	3.994344
10278	-1830.68	-2113.589	282.9087	1.221978	0.1211782	3.694542
10284	-1832.885	-2115.481	282.5961	1.183007	0.1907267	3.75897
10290	-1822.049	-2104.732	282.6836	1.095413	0.1907267	3.759055
10296	-1831.531	-2114.607	283.0765	1.209818	0.1907267	3.464626
10302	-1844.299	-2127.07	282.771	1.161117	0.1907267	3.670604
10308	-1836.472	-2118.87	282.3978	1.034036	0.2247588	3.901442
10314	-1855.767	-2139.56	283.7931	1.374772	0.2459914	2.847138
10320	-1836.246	-2119.535	283.2893	1.25782	0.2508244	3.211317
10326	-1833.439	-2115.828	282.3891	1.263094	0.1633625	3.882445
10332	-1838.532	-2121.365	282.8331	1.133258	0.1579857	3.712026
10338	-1841.349	-2124.046	282.697	1.299796	0.1699978	3.671179
10344	-1821.886	-2104.92	283.034	1.289666	0.1529508	3.514725
10350	-1837.522	-2120.769	283.2471	1.311611	0.1599605	3.363125
10356	-1834.929	-2118.333	283.4041	1.307334	0.1835672	3.227748
10362	-1838.532	-2123.699	285.1669	1.642909	0.1417539	2.012698
10368	-1844.099	-2129.18	285.081	1.566578	0.1472203	2.106931
10374	-1822.972	-2108.28	285.3082	1.580001	0.1968043	1.837233
10380	-1829.287	-2114.323	285.0359	1.603855	0.2684612	1.872921
10386	-1825.554	-2109.881	284.3268	1.236215	0.1727654	2.73668
10392	-1825.183	-2109.306	284.123	1.419142	0.1874902	2.720841
10398	-1820.633	-2105.394	284.7612	1.490462	0.1874902	2.277091
10404	-1833.285	-2117.837	284.5516	1.45429	0.2455247	2.328094
10410	-1817.075	-2101.564	284.489	1.378613	0.1501076	2.596252
10416	-1822.156	-2106.776	284.62	1.306518	0.1501076	2.559745
10422	-1834.407	-2119.837	285.4297	1.416358	0.1503111	1.968189
10428	-1828.499	-2113.318	284.8191	1.416358	0.2174233	2.230404
10434	-1834.521	-2119.97	285.4494	1.541411	0.1910571	1.778447
10440	-1840.843	-2126.125	285.2815	1.600724	0.2649197	1.710844
10446	-1841.711	-2126.495	284.7842	1.71728	0.2209681	2.050257
10452	-1833.666	-2115.655	281.9891	1.206769	0.2122219	4.056758
10458	-1832.674	-2114.982	282.3077	1.199338	0.1859798	3.923805
10464	-1840.72	-2122.857	282.137	1.187525	0.1609609	4.074482
10470	-1832.126	-2115.188	283.0619	1.227957	0.2437089	3.374064
10476	-1846.954	-2130.076	283.1224	1.2623	0.1725586	3.44065
10482	-1857.402	-2140.149	282.7471	1.256306	0.2048161	3.604708
10488	-1864.151	-2147.234	283.0836	1.200137	0.2288648	3.401209
10494	-1851.984	-2133.708	281.7237	1.113468	0.2152628	4.25563
10500	-1858.96	-2141.8	282.8405	1.212047	0.2098751	3.567549
10506	-1852.097	-2135.688	283.5911	1.280326	0.2571212	3.008401
10512	-1854.142	-2137.346	283.2032	1.237702	0.343322	3.1452
10518	-1842.498	-2125.764	283.266	1.346158	0.1844993	3.284676
10524	-1836.05	-2119.244	283.1939	1.263759	0.1296028	3.485848
10530	-1826.523	-2110.549	284.026	1.403584	0.1717847	2.819975
10536	-1839.926	-2123.823	283.8971	1.403584	0.1735804	2.89456
10542	-1833.74	-2117.911	284.1709	1.485332	0.1690321	2.687008
10548	-1845.647	-2129.793	284.1461	1.481947	0.1498862	2.74412
10554	-1832.68	-2116.87	284.1907	1.389261	0.1465489	2.780656
10560	-1835.624	-2119.659	284.035	1.27748	0.1785252	2.877866
10566	-1828.085	-2111.876	283.7907	1.4539	0.145621	2.985536
10572	-1840.771	-2123.876	283.1051	1.255622	0.1309102	3.539478
10578	-1835.622	-2118.367	282.745	1.07146	0.1696995	3.775903
10584	-1839.373	-2122.01	282.6366	1.086773	0.2111945	3.755961
10590	-1824.004	-2107.337	283.3326	1.108169	0.1988553	3.35969
10596	-1830.959	-2114.276	283.3166	1.191932	0.1705998	3.37184
10602	-1818.553	-2100.805	282.2523	1.13677	0.2193569	3.934641
10608	-1826.552	-2108.423	281.8705	1.080574	0.2835793	4.089085
10614	-1829.35	-2112.101	282.7507	1.047779	0.2618967	3.633121
10620	-1855.85	-2140.42	284.5706	1.475589	0.1457106	2.494815
10626	-1854.982	-2139.717	284.7348	1.375481	0.1282459	2.494815
10632	-1831.825	-2115.12	283.2947	1.429176	0.1321129	3.324276
10638	-1823.356	-2107.106	283.7503	1.223035	0.2093936	3.025407
10644	-1836.94	-2120.396	283.4557	1.331548	0.1738991	3.201117
10650	-1839.826	-2123.136	283.3093	1.392743	0.2007129	3.202286
10656	-1836.021	-2118.892	282.8709	1.113529	0.2012513	3.621816
10662	-1842.78	-2126.537	283.7568	1.399313	0.1165668	3.103774
10668	-1829.789	-2112.333	282.5436	1.17509	0.2654419	3.67412
10674	-1847.118	-2130.371	283.2533	1.213227	0.2464394	3.265791
10680	-1840.422	-2124.497	284.0752	1.30888	0.2464394	2.714615
10686	-1844.805	-2127.261	282.4552	1.27874	0.2004488	3.768049
10692	-1848.714	-2129.853	281.1394	0.9562334	0.2201944	4.665347
10698	-1848.835	-2129.996	281.1605	1.024016	0.2201944	4.615543
10704	-1840.697	-2122.839	282.142	1.110719	0.1622426	4.112921
10710	-1845.682	-2130.315	284.6328	1.599949	0.2058417	2.253704
10716	-1852.789	-2135.641	282.8528	1.337679	0.1639771	3.570377
10722	-1832.819	-2116.654	283.8349	1.275472	0.1471728	3.06267
10728	-1842.877	-2126.39	283.5129	1.187086	0.1471728	3.306094
10734	-1826.617	-2109.436	282.8189	1.333251	0.2163356	3.498695
10740	-1827.248	-2110.837	283.5887	1.460375	0.1849907	3.024116
10746	-1831.759	-2116.154	284.3951	1.249072	0.2326398	2.57707
10752	-1835.907	-2119.773	283.8662	1.177099	0.1261684	3.148653
10758	-1825.744	-2108.282	282.5383	1.214123	0.2311813	3.706665
10764	-1844.147	-2127.788	283.6404	1.257926	0.2262049	3.041745
10770	-1837.262	-2120.736	283.474	1.115849	0.2250361	3.227206
10776	-1844.296	-2127.866	283.5704	1.212417	0.1747235	3.202158
10782	-1843.847	-2126.153	282.3054	1.215967	0.1450231	3.993685
10788	-1849.094	-2132.355	283.2613	1.074477	0.1994139	3.420279
10794	-1846.129	-2130.726	284.597	1.406764	0.2458358	2.328945
10800	-1850.806	-2136.14	285.3346	1.610439	0.2458358	1.701279
10806	-1844.535	-2129.727	285.1918	1.640548	0.2399603	1.791189
10812	-1839.004	-2123.651	284.6474	1.437477	0.2357763	2.29435
10818	-1825.867	-2110.635	284.7686	1.457724	0.1869696	2.29435
10824	-1836.07	-2120.717	284.6468	1.457724	0.2285679	2.29435
10830	-1831.619	-2116.06	284.441	1.439538	0.2882396	2.339605
10836	-1832.101	-2115.599	283.4988	1.483389	0.09530052	3.259225
10842	-1825.875	-2110.451	284.5761	1.437327	0.1390325	2.530243
10848	-1831.49	-2115.169	283.6794	1.306302	0.1946542	3.044237
10854	-1838.332	-2120.483	282.151	1.191933	0.1779151	4.032215
10860	-1837.774	-2118.891	281.1172	0.9702856	0.1779151	4.740889
10866	-1837.824	-2119.788	281.9639	1.050077	0.1988741	4.182578
10872	-1846.691	-2128.892	282.2008	1.232979	0.1908056	3.957233
10878	-1833.122	-2117.648	284.5256	1.480825	0.1937898	2.420604
10884	-1833.887	-2117.831	283.9441	1.374174	0.1833346	2.865101
10890	-1833.655	-2117.92	284.2647	1.374174	0.1833346	2.669445
10896	-1823.416	-2107.501	284.0851	1.270209	0.1345266	2.943171
10902	-1838.883	-2121.681	282.798	1.281773	0.1170071	3.733441
10908	-1842.475	-2125.052	282.5775	1.502482	0.1148179	3.738358
10914	-1852.403	-2133.99	281.5871	1.088784	0.2366513	4.313254
10920	-1839.891	-2122.112	282.2214	1.134956	0.1790204	4.02257
10926	-1835.676	-2116.848	281.1723	1.127166	0.1166856	4.743983
10932	-1830.275	-2112.537	282.2618	1.013199	0.2169974	4.003724
10938	-1823.263	-2106.877	283.6142	1.27182	0.167228	3.155436
10944	-1823.943	-2106.954	283.0111	1.299911	0.2155807	3.407062
10950	-1842.513	-2125.443	282.9296	1.200083	0.2592168	3.444251
10956	-1828.12	-2111.535	283.4151	1.22453	0.1675638	3.300554
10962	-1828.229	-2111.65	283.4217	1.34527	0.1675638	3.225376
10968	-1832.515	-2114.705	282.1902	0.9209007	0.189015	4.144433
10974	-1825.652	-2106.739	281.0874	1.074666	0.189015	4.67969
10980	-1833.073	-2116.518	283.4453	1.197964	0.1938002	3.249365
10986	-1838.016	-2122.178	284.1625	1.410623	0.1938002	2.689963
10992	-1842.546	-2126.159	283.6139	1.319857	0.1938002	3.076872
10998	-1853.141	-2137.271	284.13	1.405868	0.1834766	2.732403
11004	-1833.621	-2116.719	283.0974	1.295782	0.1834766	3.415248
11010	-1827.181	-2108.9	281.7189	1.127621	0.2707072	4.166517
11016	-1844.55	-2127.119	282.5695	1.028848	0.1994237	3.847894
11022	-1837.263	-2119.91	282.6479	1.234631	0.2595728	3.587773
11028	-1837.958	-2120.986	283.0278	1.146149	0.1600113	3.587773
11034	-1836.625	-2119.833	283.2078	1.163665	0.4045188	3.112999
11040	-1851.798	-2133.652	281.8543	0.9827474	0.2608765	4.18592
11046	-1852.331	-2133.422	281.0909	1.075847	0.2091867	4.643185
11052	-1849.395	-2131.393	281.9978	0.989972	0.1676472	4.25317
11058	-1840.382	-2121.456	281.0738	0.9499783	0.1739582	4.783611
11064	-1846.414	-2126.461	280.0471	0.8712696	0.1492574	5.442473
11070	-1838.965	-2120.303	281.3384	1.1795	0.2259425	4.419075
11076	-1843.663	-2127.028	283.3654	1.254946	0.1362869	3.376045
11082	-1837.213	-2121.631	284.4177	1.490701	0.1421524	2.588497
11088	-1832.158	-2116.446	284.2873	1.50641	0.2328507	2.483485
11094	-1824.578	-2107.945	283.3668	1.157256	0.2064816	3.297374
11100	-1829.88	-2112.343	282.4629	1.302371	0.1357687	3.873182
11106	-1832.069	-2114.972	282.9032	1.251583	0.2068893	3.513073
11112	-1819.19	-2102.222	283.0323	1.277294	0.1578701	3.513073
11118	-1829.912	-2111.663	281.7517	1.22776	0.1160837	4.363389
11124	-1829.049	-2112.314	283.2656	1.262333	0.1450277	3.411642
11130	-1829.71	-2113.387	283.6776	1.181004	0.3073383	2.942872
11136	-1832.722	-2116.989	284.2668	1.27827	0.1942156	2.706429
11142	-1840.943	-2125.636	284.6923	1.441168	0.4426644	1.967141
11148	-1837.73	-2123.108	285.3778	1.585197	0.3474852	1.514252
11154	-1850.782	-2133.873	283.0911	1.301944	0.2503698	3.303034
11160	-1849.939	-2133.938	283.9994	1.265696	0.2514867	2.779254
11166	-1832.695	-2116.291	283.596	1.198082	0.1416536	3.26224
11172	-1832.69	-2115.269	282.5789	1.118479	0.2604363	3.693777
11178	-1837.348	-2119.735	282.3863	1.21162	0.179466	3.883446
11184	-1832.928	-2116.355	283.4273	1.040698	0.3207881	3.158319
11190	-1832.48	-2116.378	283.8979	1.210186	0.2053962	2.951575
11196	-1841.207	-2124.966	283.7587	1.369507	0.153275	3.039212
11202	-1834.629	-2117.591	282.9624	1.220075	0.1210311	3.664902
11208	-1837.411	-2118.407	280.9963	1.132277	0.1689675	4.734168
11214	-1842.221	-2125.562	283.3411	1.221458	0.2323206	3.23146
11220	-1847.823	-2130.133	282.31	1.158363	0.2142887	3.897483
11226	-1845.701	-2129.561	283.8599	1.362638	0.1927805	2.905302
11232	-1834.48	-2118.06	283.5794	1.343492	0.1970077	3.077542
11238	-1826.326	-2109.202	282.8766	1.14328	0.1655506	3.666343
11244	-1829.558	-2111.766	282.2086	1.141637	0.2280051	3.943075
11250	-1831.637	-2114.12	282.4831	1.171762	0.2325036	3.760919
11256	-1839.279	-2119.304	280.0253	1.100492	0.1925771	5.249848
11262	-1820.194	-2101.953	281.759	0.9450176	0.1696088	4.4099
11268	-1831.999	-2115.898	283.8988	1.210363	0.2113973	2.940334
11274	-1815.328	-2099.496	284.1674	1.503602	0.1678507	2.680326
11280	-1826.162	-2109.038	282.8757	1.116991	0.2017784	3.616146
11286	-1836.368	-2118.608	282.2397	1.1046	0.1907031	4.008562
11292	-1848.015	-2129.17	281.1556	1.096915	0.154519	4.692059
11298	-1848.116	-2129.794	281.678	1.147977	0.1535896	4.371551
11304	-1845.537	-2128.335	282.798	1.187187	0.213574	3.600486
11310	-1847.202	-2128.472	281.2694	1.064382	0.1837741	4.592565
11316	-1847.015	-2128.221	281.2067	1.037343	0.2137021	4.592565
11322	-1829.629	-2112.048	282.4191	1.170122	0.2650025	3.749573
11328	-1818.217	-2102.033	283.8165	1.180008	0.2179954	2.996729
11334	-1822.116	-2105.951	283.8347	1.281118	0.17834	2.996729
11340	-1830.094	-2113.811	283.7168	1.449434	0.1336933	3.058494
11346	-1836.32	-2121.052	284.7313	1.33129	0.1995146	2.374165
11352	-1846.851	-2130.643	283.7923	1.242345	0.195171	3.01401
11358	-1842.61	-2125.485	282.8754	1.183817	0.2928251	3.437127
11364	-1836.357	-2119.227	282.87	1.14933	0.2125421	3.582374
11370	-1841.692	-2124.308	282.6166	1.091191	0.2125421	3.762707
11376	-1837.485	-2119.792	282.3068	1.191154	0.1921827	3.918037
11382	-1836.396	-2119.883	283.4869	1.308796	0.1848356	3.175475
11388	-1838.983	-2122.26	283.2772	1.304837	0.1713057	3.327249
11394	-1830.996	-2114.727	283.7308	1.466489	0.1713057	2.961358
11400	-1829.638	-2114.258	284.6199	1.466489	0.2332948	2.2977
11406	-1822.296	-2105.352	283.0558	1.186847	0.2268417	3.42855
11412	-1821.862	-2104.519	282.6572	1.18224	0.178075	3.747047
11418	-1842.55	-2124.181	281.6311	1.22135	0.2459242	4.199199
11424	-1839.047	-2122.875	283.8274	1.505423	0.1313577	2.963825
11430	-1823.514	-2106.166	282.6516	1.16758	0.1489383	3.814969
11436	-1832.06	-2114.268	282.2074	1.232839	0.2374367	3.876667
11442	-1828.909	-2112.292	283.3833	1.150524	0.2161535	3.275078
11448	-1830.676	-2112.676	282	1.098624	0.2085852	4.11814
11454	-1831.373	-2115.094	283.7217	1.413264	0.1443418	3.053993
11460	-1845.734	-2126.914	281.1798	1.146189	0.1726009	4.616944
11466	-1844.347	-2125.166	280.8194	1.054397	0.1888104	4.84112
11472	-1836.038	-2120.385	284.3467	1.498492	0.1358307	2.641808
11478	-1828.647	-2111.596	282.9483	1.401564	0.1721382	3.461786
11484	-1831.584	-2115.067	283.4834	1.286871	0.2222587	3.124731
11490	-1839.282	-2122.507	283.2245	1.254585	0.2254095	3.292004
11496	-1827.562	-2110.133	282.5708	1.129332	0.1920486	3.802137
11502	-1846.455	-2130.416	283.9612	1.233728	0.152225	3.001408
11508	-1853.488	-2137.316	283.8283	1.44019	0.1850886	2.891895
11514	-1832.453	-2113.529	281.0764	1.1071	0.1460252	4.747284
11520	-1845.557	-2128.986	283.4289	1.369608	0.1462766	3.249806
11526	-1829.501	-2111.987	282.4862	1.21265	0.1580489	3.865997
11532	-1821.657	-2105.359	283.702	1.445818	0.1194496	3.10193
11538	-1838.403	-2119.762	281.3588	1.109675	0.1514367	4.57701
11544	-1849.773	-2134.266	284.493	1.529786	0.1393017	2.523818
11550	-1838.088	-2123.057	284.9689	1.559492	0.1994838	2.07365
11556	-1840.171	-2125.128	284.9568	1.567214	0.2009657	2.07365
11562	-1832.863	-2117.263	284.4005	1.570174	0.120812	2.599491
11568	-1823.023	-2107.549	284.5258	1.403604	0.198614	2.459837
11574	-1832.235	-2115.406	283.1711	1.170542	0.1884966	3.436271
11580	-1844.015	-2124.992	280.9773	1.281275	0.1001833	4.804646
11586	-1844.231	-2127.456	283.2249	1.174901	0.2434648	3.309756
11592	-1834.59	-2116.524	281.934	1.275139	0.2429556	4.000554
11598	-1834.766	-2116.547	281.7808	1.166416	0.1542953	4.301658
11604	-1844.467	-2126.05	281.5835	1.135178	0.1458726	4.447295
11610	-1834.718	-2116.777	282.0588	1.076139	0.2297946	4.063246
11616	-1837	-2119.12	282.1196	0.9035352	0.2726416	4.063246
11622	-1825.407	-2106.598	281.1918	1.083129	0.1443623	4.699435
11628	-1831.465	-2114.983	283.5184	1.193783	0.1189529	3.360819
11634	-1824.12	-2107.968	283.848	1.44912	0.1558574	2.932422
11640	-1824.926	-2107.371	282.445	1.047545	0.1766209	3.949076
11646	-1830.033	-2113.57	283.5368	1.102116	0.2101047	3.223314
11652	-1828.627	-2110.599	281.9721	1.107248	0.1338678	4.268217
11658	-1826.201	-2109.056	282.8555	1.194228	0.1579263	3.663899
11664	-1845.128	-2127.237	282.1094	1.053675	0.3334692	3.90262
11670	-1832.528	-2115.539	283.0109	1.163103	0.1993442	3.514923
11676	-1829.013	-2110.299	281.2865	1.045103	0.1452293	4.665993
11682	-1835.936	-2118.45	282.5141	1.086011	0.1699785	3.899763
11688	-1828.522	-2111.403	282.8807	1.188483	0.1699785	3.629325
11694	-1850.732	-2134.256	283.5242	1.404573	0.2087951	3.053161
11700	-1832.839	-2115.944	283.1047	1.095213	0.2019942	3.495219
