Iteration	Posterior	Likelihood	Prior	rate_log_sd	rate_neo	tree_length
0	-1823.481	-2106.816	283.3345	1.424299	0.2170584	3.140326
6	-1823.22	-2105.697	282.4774	1.270152	0.2362607	3.701471
12	-1813.694	-2097.863	284.1692	1.327976	0.2147096	2.698678
18	-1813.88	-2097.966	284.0861	1.327976	0.1706903	2.831572
24	-1826.428	-2109.767	283.3395	1.128764	0.214099	3.317231
30	-1832.275	-2115.512	283.2365	1.263242	0.2523256	3.237039
36	-1824.01	-2107.243	283.2333	1.24062	0.2018819	3.334865
42	-1814.273	-2096.471	282.1977	1.006069	0.1766333	4.113902
48	-1834.031	-2114.575	280.5438	0.9973145	0.1943748	5.01672
54	-1830.512	-2113.726	283.2148	1.215457	0.1861896	3.388556
60	-1831.511	-2114.676	283.1654	1.101391	0.2430977	3.388556
66	-1832.899	-2116.226	283.3274	1.1479	0.2407148	3.269561
72	-1832.804	-2116.416	283.6124	1.076132	0.1686837	3.269561
78	-1826.203	-2109.236	283.0327	1.252916	0.2080126	3.434755
84	-1821.183	-2104.909	283.7267	1.149857	0.1811961	3.134206
90	-1826.932	-2110.968	284.0353	1.380528	0.2432053	2.700375
96	-1825.474	-2110.002	284.5274	1.403471	0.2332851	2.396487
102	-1820.481	-2104.936	284.4549	1.449062	0.2209394	2.435032
108	-1819.209	-2103.596	284.3869	1.433342	0.2242247	2.481796
114	-1829.858	-2113.435	283.577	1.242442	0.1395386	3.251748
120	-1831.381	-2114.647	283.2652	1.455689	0.124544	3.342903
126	-1835.422	-2119.256	283.8338	1.519755	0.3556216	2.576108
132	-1842.211	-2126.747	284.5354	1.328785	0.207085	2.484984
138	-1833.351	-2117.626	284.2746	1.311475	0.207085	2.657614
144	-1846.316	-2128.866	282.5499	1.204692	0.2360612	3.697746
150	-1829.195	-2110.287	281.0924	1.108517	0.1682329	4.695009
156	-1820.217	-2104.109	283.8913	1.27212	0.1575518	3.009271
162	-1834.155	-2118.385	284.2293	1.320092	0.1591753	2.772589
168	-1824.84	-2107.966	283.1257	1.195603	0.1672045	3.487965
174	-1824.125	-2104.863	280.7382	1.010716	0.1954331	4.899391
180	-1831.816	-2112.486	280.6691	0.9241428	0.2304538	4.929827
186	-1824.334	-2105.263	280.9289	0.943973	0.2169548	4.795067
192	-1836.517	-2116.93	280.4129	0.9946132	0.1578198	5.15601
198	-1847.333	-2128.675	281.3422	1.037371	0.1593033	4.611689
204	-1839.583	-2123.455	283.8721	1.028629	0.1999458	3.085518
210	-1832.481	-2114.572	282.0907	1.0791	0.2416438	4.025049
216	-1834.837	-2118.289	283.4525	1.082304	0.270767	3.188548
222	-1823.99	-2107.601	283.6103	1.337167	0.1871321	3.080905
228	-1827.341	-2109.889	282.548	1.069962	0.2177102	3.80592
234	-1837.75	-2118.958	281.2078	1.17379	0.1222684	4.685793
240	-1828.573	-2109.966	281.393	1.011523	0.1164341	4.685793
246	-1833.769	-2114.545	280.7762	0.9636591	0.1615498	4.964633
252	-1835.321	-2116.917	281.5957	1.151252	0.1958875	4.33897
258	-1837.519	-2119.548	282.0293	1.151252	0.1648498	4.149022
264	-1833.782	-2115.79	282.0082	1.01336	0.2164884	4.149022
270	-1847.737	-2130.282	282.5446	1.11038	0.168778	3.870547
276	-1844.113	-2124.486	280.3734	0.8855082	0.2292322	5.117366
282	-1833.109	-2114.893	281.7837	1.024091	0.1491817	4.39049
288	-1829.276	-2111.171	281.8955	1.023355	0.1533796	4.319477
294	-1834.081	-2116.568	282.4867	1.04629	0.1868904	3.907318
300	-1859.634	-2142.775	283.1406	1.190136	0.1633492	3.489896
306	-1846.006	-2128.905	282.8991	1.174917	0.1633492	3.639232
312	-1841.639	-2125.576	283.9374	1.355079	0.2041718	2.842275
318	-1826.433	-2110.115	283.6828	1.409989	0.2787337	2.842275
324	-1825.984	-2109.76	283.7757	1.317085	0.2787337	2.842275
330	-1827.19	-2110.801	283.6101	1.173962	0.1639449	3.222362
336	-1832.352	-2115.207	282.8556	1.202174	0.222297	3.543883
342	-1820.553	-2103.743	283.1903	1.13936	0.2073279	3.410123
348	-1829.745	-2112.229	282.4841	1.247105	0.1886889	3.790205
354	-1825.603	-2108.521	282.9181	1.128295	0.1812203	3.621525
360	-1835.943	-2117.735	281.7917	1.128394	0.2053626	4.22494
366	-1836.252	-2118.043	281.7913	1.050738	0.2328969	4.22494
372	-1835.212	-2116.885	281.6731	1.062843	0.2818635	4.213722
378	-1830.708	-2114.083	283.3743	1.130382	0.1752291	3.365242
384	-1836.767	-2120.661	283.894	1.455908	0.166514	2.878787
390	-1838.7	-2121.259	282.5591	1.06083	0.2774304	3.714018
396	-1836.162	-2119.447	283.2848	1.105544	0.1749938	3.432717
402	-1833.385	-2116.493	283.1083	1.272187	0.178059	3.432717
408	-1857.137	-2139.368	282.2308	1.28949	0.1672794	3.950605
414	-1844.929	-2129.123	284.1941	1.419093	0.2232142	2.61238
420	-1843.273	-2127.722	284.4493	1.418453	0.1248626	2.653341
426	-1829.812	-2113.618	283.8059	1.302545	0.1549307	3.047582
432	-1832.508	-2115.786	283.2787	1.282018	0.1904647	3.304084
438	-1831.993	-2115.336	283.3429	1.175781	0.2044153	3.304084
444	-1836.311	-2120.376	284.0649	1.313188	0.1674871	2.859829
450	-1834.739	-2117.871	283.1318	1.382368	0.1674871	3.374538
456	-1829.715	-2112.437	282.7226	1.176244	0.1673602	3.732862
462	-1846.387	-2129.262	282.8755	1.032855	0.2394104	3.603441
468	-1834.595	-2118.657	284.0626	1.270347	0.182804	2.857224
474	-1831.484	-2114.901	283.4166	1.376628	0.1754846	3.194546
480	-1833.975	-2119.216	285.2409	1.331347	0.1760502	2.092592
486	-1836.554	-2121.554	284.9998	1.504976	0.1977656	2.092592
492	-1847.868	-2132.275	284.4062	1.40024	0.1445634	2.646156
498	-1855.719	-2139.862	284.1429	1.40024	0.1899258	2.715627
504	-1859.334	-2144.122	284.7884	1.427469	0.2021819	2.271445
510	-1851.731	-2136.018	284.2863	1.538678	0.1362512	2.653348
516	-1854.612	-2139.349	284.737	1.555623	0.1907014	2.244418
522	-1839.153	-2122.792	283.6399	1.333307	0.1907014	3.058932
528	-1830.694	-2113.003	282.3084	1.06546	0.2128401	3.954037
534	-1827.941	-2110.246	282.3051	1.100483	0.1720953	4.007178
540	-1825.291	-2108.418	283.1269	1.239715	0.2098646	3.384135
546	-1830.627	-2114.008	283.3814	1.194739	0.1753508	3.32301
552	-1820.144	-2102.046	281.9018	1.009668	0.17772	4.277815
558	-1828.762	-2110.434	281.6728	1.112998	0.2195558	4.277815
564	-1846.708	-2129.147	282.4389	0.9630531	0.172479	4.008517
570	-1846.7	-2129.838	283.138	1.302095	0.1084822	3.54446
576	-1846.592	-2129.072	282.4804	1.302095	0.1145425	3.910094
582	-1842.511	-2125.764	283.2524	1.21163	0.2205059	3.308964
588	-1845.789	-2127.402	281.6138	1.047872	0.2253504	4.338841
594	-1845.556	-2127.527	281.9719	0.997422	0.2087572	4.191346
600	-1836.596	-2117.425	280.8296	0.9471087	0.179902	4.910737
606	-1829.401	-2110.943	281.5416	0.9834588	0.1882168	4.477293
612	-1814.769	-2097.289	282.52	1.205689	0.160182	3.846426
618	-1819.72	-2101.06	281.3403	1.091079	0.1750542	4.553342
624	-1840.303	-2121.671	281.3685	1.146672	0.1893295	4.480936
630	-1828.281	-2108.124	279.8426	0.9445141	0.1416957	5.52949
636	-1829.666	-2110.059	280.393	0.9987153	0.1454038	5.188729
642	-1826.533	-2108.614	282.0801	0.9831251	0.2002251	4.152284
648	-1823.394	-2105.458	282.0637	0.9990086	0.1990262	4.154645
654	-1821.517	-2104.74	283.2224	1.358491	0.2047092	3.266941
660	-1831.767	-2114.383	282.6167	1.095263	0.2527204	3.696842
666	-1828.853	-2111.3	282.4472	1.106837	0.1859571	3.896902
672	-1831.847	-2115.651	283.8039	1.38701	0.1859571	2.937074
678	-1832.116	-2115.747	283.6309	1.234878	0.223175	3.066233
684	-1831.665	-2114.049	282.3842	1.168737	0.1695343	3.92766
690	-1828.787	-2110.997	282.2094	1.041715	0.1768811	4.086458
696	-1827.198	-2109.238	282.0402	1.105528	0.2003628	4.105132
702	-1822.027	-2104.107	282.0805	1.093062	0.2316687	4.038277
708	-1822.268	-2104.632	282.3636	1.228347	0.1563619	3.930593
714	-1821.674	-2103.555	281.8813	1.122302	0.1855754	4.211564
720	-1837.66	-2118.18	280.5202	1.071777	0.2353089	4.923184
726	-1846.432	-2127.526	281.0943	0.9996039	0.2353089	4.642889
732	-1832.646	-2115.194	282.5478	1.312974	0.1707562	3.748397
738	-1835.977	-2118.813	282.836	1.092557	0.1704891	3.709715
744	-1835.829	-2118.08	282.2512	1.025141	0.1704891	4.083866
750	-1842.392	-2124.924	282.5314	1.093499	0.1704891	3.884595
756	-1840.312	-2123.468	283.1558	1.273862	0.135157	3.490026
762	-1841.102	-2121.756	280.6548	1.177765	0.4464837	4.531345
768	-1828.711	-2109.936	281.2251	1.051821	0.2383239	4.535659
774	-1823.992	-2105.48	281.4881	0.9410086	0.1607051	4.581208
780	-1835.384	-2116.671	281.2865	0.985653	0.1815905	4.631025
786	-1827.168	-2108.558	281.39	0.9870332	0.1384837	4.654154
792	-1834.401	-2117.853	283.4519	1.33685	0.1715159	3.204813
798	-1842.834	-2127.107	284.2729	1.34736	0.1557213	2.736514
804	-1838.073	-2119.898	281.825	1.003544	0.1715524	4.336033
810	-1845.24	-2128.882	283.6429	1.267973	0.1410277	3.194448
816	-1842.71	-2127.059	284.3488	1.514509	0.1410277	2.618894
822	-1839.943	-2124.15	284.208	1.382766	0.2274998	2.618894
828	-1842.904	-2125.704	282.7997	1.314732	0.2354028	3.489759
834	-1829.821	-2112.552	282.7304	1.198518	0.1658655	3.718318
840	-1832.574	-2114.49	281.9156	0.9932783	0.1618329	4.308761
846	-1830.63	-2113.305	282.6753	1.207827	0.2044158	3.675066
852	-1827.827	-2109.584	281.7575	1.018696	0.1680513	4.372051
858	-1811.543	-2092.7	281.1568	1.081815	0.1437696	4.720925
864	-1822.47	-2104.058	281.5886	0.9311534	0.1659919	4.520361
870	-1839.268	-2120.036	280.7682	0.8804033	0.1637057	5.011298
876	-1846.949	-2127.442	280.4935	1.036282	0.2013829	5.011298
882	-1851.648	-2132.447	280.7985	1.039064	0.2133899	4.820434
888	-1855.29	-2137.993	282.7028	1.250656	0.1621779	3.711302
894	-1853.087	-2135.48	282.3927	1.176047	0.3213338	3.684377
900	-1837.163	-2119.13	281.9674	1.157831	0.1354501	4.238921
906	-1833.785	-2115.288	281.5034	1.139957	0.1626015	4.457172
912	-1846.133	-2127.804	281.6709	1.186349	0.1577992	4.345679
918	-1854.076	-2137.178	283.1026	1.290343	0.1718601	3.437161
924	-1849.207	-2133.268	284.0613	1.346177	0.1489364	2.880274
930	-1841.247	-2124.055	282.8077	1.1263	0.2404716	3.586863
936	-1829.203	-2110.076	280.8728	1.1263	0.1953264	4.76001
942	-1826.225	-2107.552	281.3272	1.00456	0.185703	4.590326
948	-1826.364	-2107.665	281.3012	0.9256222	0.1760224	4.666354
954	-1833.811	-2114.746	280.9354	1.018464	0.2732339	4.666354
960	-1840.161	-2121.352	281.1911	1.011488	0.1836308	4.666354
966	-1849.556	-2131.561	282.0052	1.045479	0.2404995	4.094707
972	-1843.212	-2126.452	283.2395	1.150711	0.1360124	3.511204
978	-1830.212	-2113.115	282.9027	1.245424	0.1783578	3.56773
984	-1832.253	-2113.458	281.2051	0.9731548	0.1830021	4.681119
990	-1838.801	-2120.48	281.6784	0.9472923	0.2042463	4.393288
996	-1835.297	-2118.768	283.4707	1.433136	0.1759408	3.127949
1002	-1838.515	-2122.413	283.8988	1.253677	0.2065372	2.92275
1008	-1847.398	-2131.136	283.7375	1.363073	0.2246889	2.92275
1014	-1857.86	-2138.154	280.2944	1.082669	0.1922632	5.111294
1020	-1842.665	-2127.433	284.7673	1.587591	0.158662	2.270911
1026	-1842.485	-2125.921	283.4363	1.268512	0.1338809	3.331626
1032	-1857.791	-2139.533	281.7422	1.239202	0.1264489	4.339484
1038	-1851.349	-2132.928	281.5792	1.1288	0.2086706	4.339484
1044	-1845.453	-2127.13	281.6765	1.112298	0.1587137	4.38258
1050	-1837.56	-2118.392	280.8316	1.073544	0.1587137	4.877993
1056	-1838.121	-2119.715	281.5938	1.11283	0.1840244	4.382319
1062	-1830.22	-2112.616	282.3963	1.11283	0.2206146	3.863789
1068	-1831.632	-2113.775	282.1435	1.161612	0.1518721	4.103263
1074	-1838.593	-2121.011	282.4185	1.329141	0.1188462	3.920301
1080	-1843.078	-2126.003	282.925	1.20199	0.1147405	3.711396
1086	-1842.729	-2125.57	282.8415	1.082568	0.1709904	3.711396
1092	-1832.894	-2115.077	282.1823	1.080881	0.2187344	4.007698
1098	-1830.817	-2113.213	282.3953	1.303542	0.1499473	3.882056
1104	-1824.222	-2107.922	283.7004	1.314182	0.1359182	3.143977
1110	-1827.446	-2110.792	283.3463	1.194218	0.2386376	3.234347
1116	-1835.662	-2119.485	283.8222	1.309593	0.2361132	2.884948
1122	-1823.961	-2106.078	282.1168	1.139943	0.2361132	3.983837
1128	-1831.593	-2113.864	282.2712	1.164961	0.2099206	3.923177
1134	-1838.68	-2120.861	282.1814	1.263316	0.2069834	3.923177
1140	-1835.463	-2119.071	283.6085	1.437248	0.2212043	2.961672
1146	-1830.288	-2110.843	280.5544	1.127119	0.1626159	4.995045
1152	-1834.968	-2117.965	282.9967	1.220217	0.1626159	3.557688
1158	-1834.727	-2118.448	283.7209	1.527736	0.2467202	2.796888
1164	-1830.874	-2115.053	284.1792	1.481216	0.1910304	2.64149
1170	-1828.594	-2112.161	283.5669	1.314621	0.2634125	2.992697
1176	-1837.863	-2121.814	283.9512	1.346614	0.1967341	2.852543
1182	-1831.938	-2116.395	284.4571	1.340926	0.1862411	2.565469
1188	-1844.009	-2127.542	283.5326	1.398492	0.1862411	3.0923
1194	-1840.462	-2121.921	281.4589	1.12923	0.1625654	4.488349
1200	-1859.676	-2140.486	280.81	1.046201	0.2337897	4.778209
1206	-1860.827	-2141.503	280.6757	0.9438546	0.2641219	4.865825
1212	-1837.583	-2121.375	283.7919	1.447473	0.1164121	3.054438
1218	-1840.321	-2123.25	282.9284	1.289875	0.1760978	3.531102
1224	-1849.973	-2129.814	279.8407	0.980176	0.2694806	5.301314
1230	-1845.989	-2130.951	284.9617	1.588663	0.1589729	2.143866
1236	-1836.851	-2122.334	285.4824	1.82856	0.1404245	1.671748
1242	-1843.982	-2129.249	285.2671	1.627511	0.2147032	1.796527
1248	-1837.555	-2123.433	285.8778	1.887619	0.1231463	1.381515
1254	-1838.792	-2123.599	284.8074	1.688588	0.1727686	2.149448
1260	-1835.952	-2121.022	285.0693	1.561879	0.1727686	2.060791
1266	-1841.134	-2125.649	284.5153	1.489142	0.2100842	2.391286
1272	-1836.325	-2119.984	283.6595	1.361727	0.2052416	3.00401
1278	-1845.63	-2127.885	282.2547	1.082422	0.1545196	4.079821
1284	-1831.177	-2112.687	281.5102	0.9915186	0.1784864	4.507623
1290	-1832.095	-2113.57	281.4754	0.9506099	0.2107115	4.495139
1296	-1834.859	-2116.482	281.6235	1.116493	0.1787556	4.372907
1302	-1839.326	-2119.815	280.4883	1.044296	0.2336032	4.958813
1308	-1840.251	-2120.965	280.7141	1.074169	0.1514881	4.956864
1314	-1831.099	-2114.489	283.3893	1.242866	0.1590724	3.321746
1320	-1835.94	-2118.752	282.8117	1.30493	0.1590724	3.62286
1326	-1841.24	-2123.156	281.9156	1.18258	0.343789	3.927041
1332	-1844.201	-2128.04	283.8388	1.235307	0.2288332	2.931773
1338	-1837.276	-2120.359	283.0829	1.192698	0.2608961	3.356188
1344	-1831.77	-2115.677	283.907	1.232771	0.2529207	2.853154
1350	-1838.974	-2120.928	281.9541	1.297498	0.2904007	3.908007
1356	-1834.081	-2117.656	283.5752	1.262074	0.2024467	3.11887
1362	-1832.606	-2116.705	284.0993	1.307576	0.2151042	2.753287
1368	-1837.007	-2120.567	283.5598	1.256676	0.2151042	3.109282
1374	-1848.595	-2131.858	283.2631	1.362133	0.2060577	3.238396
1380	-1840.802	-2122.073	281.2707	1.228412	0.167225	4.529652
1386	-1848.498	-2130.4	281.9014	1.050584	0.2190969	4.184363
1392	-1849.96	-2130.67	280.7097	1.050584	0.2421926	4.819073
1398	-1852.335	-2135.316	282.9807	1.345963	0.2812623	3.296354
1404	-1841.195	-2125.264	284.0695	1.629823	0.1355812	2.732018
1410	-1844.827	-2129.328	284.5011	1.510151	0.2123303	2.382828
1416	-1840.416	-2124.816	284.4006	1.51213	0.1617953	2.543331
1422	-1841.574	-2126.48	284.9068	1.503743	0.1372107	2.283788
1428	-1833.666	-2116.982	283.3155	1.503743	0.1361101	3.259321
1434	-1831.587	-2114.076	282.489	1.297288	0.1361101	3.860407
1440	-1829.411	-2110.651	281.2403	0.9977487	0.2000032	4.618433
1446	-1828.223	-2110.697	282.4738	1.20066	0.1897385	3.821018
1452	-1834.145	-2116.624	282.4797	1.241215	0.1749993	3.821018
1458	-1836.861	-2119.786	282.9246	1.282185	0.2563446	3.403404
1464	-1847.165	-2130.846	283.6806	1.33197	0.1898389	3.036969
1470	-1833.212	-2118.195	284.9837	1.33541	0.1898389	2.229049
1476	-1838.397	-2122.929	284.5319	1.513022	0.1678929	2.44798
1482	-1832.779	-2117.531	284.752	1.484213	0.1678929	2.326983
1488	-1836.224	-2120.012	283.7874	1.318998	0.1166321	3.133255
1494	-1834.703	-2115.293	280.5898	1.021267	0.2408911	4.904157
1500	-1834.437	-2116.73	282.2933	1.126167	0.1892546	3.968134
1506	-1843.718	-2126.919	283.2009	1.162712	0.2002277	3.402517
1512	-1837.483	-2120.886	283.4027	1.312717	0.1439924	3.303654
1518	-1838.695	-2121.737	283.0423	1.309814	0.2782268	3.285713
1524	-1836.117	-2118.686	282.5686	1.185563	0.1531705	3.843818
1530	-1833.23	-2115.692	282.4618	1.211796	0.2008621	3.802127
1536	-1830.43	-2113.777	283.3476	1.188379	0.3093296	3.133281
1542	-1833.983	-2117.352	283.3686	1.108236	0.2609268	3.237535
1548	-1826.668	-2109.481	282.8129	1.139008	0.2055589	3.633315
1554	-1823.806	-2106.27	282.4645	0.994157	0.1665129	3.987338
1560	-1858.996	-2141.023	282.0277	1.233973	0.1574813	4.116991
1566	-1846.449	-2128.486	282.0369	1.093035	0.1741707	4.160403
1572	-1830.566	-2111.723	281.1574	1.030504	0.1932565	4.657907
1578	-1847.602	-2128.811	281.2092	1.095723	0.1732506	4.627571
1584	-1855.729	-2138.686	282.9565	1.253792	0.2625166	3.392118
1590	-1847.282	-2128.441	281.1595	1.197139	0.2000027	4.551846
1596	-1839.708	-2121.442	281.7334	0.9606805	0.183394	4.39056
1602	-1845.838	-2128.722	282.8844	1.173526	0.2132883	3.558673
1608	-1836.899	-2119.635	282.7363	1.130209	0.2236815	3.652678
1614	-1821.894	-2105.972	284.0779	1.406877	0.1536966	2.823366
1620	-1826.017	-2109.623	283.6063	1.40757	0.1536966	3.106596
1626	-1822.168	-2104.504	282.3359	1.147157	0.1594809	3.98686
1632	-1826.682	-2110.06	283.378	1.395079	0.2507248	3.077172
1638	-1819.304	-2103.684	284.3804	1.445829	0.1429416	2.637527
1644	-1817.126	-2100.991	283.8641	1.330586	0.3387708	2.696181
1650	-1821.685	-2106.848	285.1631	1.486055	0.1833766	2.026424
1656	-1835.653	-2121.376	285.7223	1.680427	0.1833766	1.498855
1662	-1827.891	-2111.753	283.8622	1.501995	0.1757212	2.851947
1668	-1818.212	-2102.187	283.9747	1.267489	0.2160082	2.851947
1674	-1819.701	-2103.787	284.086	1.334844	0.1585923	2.851947
1680	-1828.34	-2111.978	283.6381	1.287494	0.155663	3.155107
1686	-1838.516	-2119.829	281.3133	1.01923	0.2699934	4.45826
1692	-1822.32	-2106.093	283.7731	1.12531	0.2197621	3.052493
1698	-1819.769	-2104.219	284.4506	1.368039	0.2956079	2.367758
1704	-1829.892	-2113.675	283.7831	1.400128	0.2956079	2.762612
1710	-1836.272	-2120.582	284.3099	1.400128	0.3250025	2.394125
1716	-1841.6	-2124.79	283.1905	1.242451	0.250423	3.279432
1722	-1842.308	-2125.576	283.2678	1.199449	0.2637659	3.238955
1728	-1830.132	-2113.735	283.6034	1.208971	0.2820223	3.006552
1734	-1838.397	-2121.411	283.0138	1.122106	0.2262391	3.49189
1740	-1843.269	-2126.354	283.0853	1.1807	0.1822372	3.49189
1746	-1838.91	-2121.081	282.1706	1.185494	0.1745268	4.030937
1752	-1837.154	-2119.878	282.7243	1.122502	0.2344251	3.646915
1758	-1840.462	-2124.09	283.6277	1.367099	0.1726058	3.080163
1764	-1837.352	-2121.795	284.443	1.341754	0.1331726	2.68508
1770	-1824.003	-2108.108	284.1046	1.438091	0.1547148	2.785972
1776	-1817.14	-2101.516	284.3756	1.300652	0.1547148	2.704342
1782	-1828.412	-2112.746	284.3344	1.299674	0.1322986	2.779322
1788	-1831.941	-2115.837	283.8956	1.260655	0.1525422	3.023948
1794	-1833.037	-2116.466	283.4289	1.299633	0.2944592	3.038993
1800	-1833.641	-2117.55	283.9092	1.339195	0.1984144	2.879409
1806	-1832.723	-2116.824	284.1016	1.596845	0.1090292	2.795488
1812	-1833.815	-2118.886	285.0705	1.596167	0.1782976	2.025483
1818	-1831.856	-2117.04	285.1837	1.439009	0.1923858	2.025483
1824	-1827.838	-2112.019	284.1807	1.386735	0.1711047	2.737285
1830	-1829.197	-2112.513	283.3155	1.312927	0.1541658	3.333827
1836	-1831.422	-2114.198	282.776	1.205506	0.2732525	3.510149
1842	-1831.853	-2117.064	285.211	1.484146	0.1471083	2.075913
1848	-1840.508	-2125.585	285.077	1.602718	0.2003895	1.971357
1854	-1835.144	-2120.252	285.1078	1.602718	0.1816257	1.989266
1860	-1851.245	-2132.49	281.2449	1.068549	0.2907384	4.440559
1866	-1839.088	-2122.065	282.9767	1.032304	0.2456014	3.535329
1872	-1837.069	-2119.626	282.5565	1.189195	0.2874479	3.627182
1878	-1825.073	-2109.665	284.5926	1.50535	0.24912	2.263176
1884	-1825.41	-2107.841	282.4314	1.332845	0.1177203	3.913329
1890	-1830.511	-2112.963	282.4527	1.311495	0.1177203	3.913329
1896	-1834.45	-2117.59	283.1404	1.336752	0.1214375	3.492725
1902	-1839.935	-2121.103	281.1678	1.171923	0.2108838	4.54339
1908	-1844.974	-2127.976	283.0021	1.304756	0.2869274	3.299954
1914	-1846.28	-2129.468	283.1879	1.126828	0.1809052	3.465921
1920	-1826.957	-2109.186	282.2287	1.376208	0.1809052	3.876861
1926	-1825.368	-2108.306	282.9378	1.325768	0.2007538	3.460201
1932	-1825.588	-2109.79	284.2016	1.34327	0.1670111	2.759308
1938	-1832.502	-2117.527	285.0252	1.34327	0.2092456	2.15949
1944	-1836.992	-2121.696	284.704	1.517008	0.3285772	2.059348
1950	-1837.617	-2122.234	284.6176	1.523006	0.2248567	2.277901
1956	-1827.933	-2111.865	283.9326	1.467471	0.1299005	2.926637
1962	-1830.067	-2114.617	284.5498	1.435936	0.1828143	2.454977
1968	-1823.716	-2107.797	284.0813	1.511869	0.1786724	2.706603
1974	-1827.463	-2111.278	283.8154	1.35818	0.3151493	2.741015
1980	-1840.936	-2123.871	282.9349	0.968586	0.2989988	3.519555
1986	-1837.235	-2119.422	282.187	1.031451	0.2000431	4.064263
1992	-1836.177	-2118.91	282.7327	1.193983	0.1959519	3.664491
1998	-1851.393	-2134.996	283.6032	1.276627	0.2248732	3.055029
2004	-1840.462	-2123.243	282.7815	1.193963	0.1579868	3.70677
2010	-1842.471	-2124.385	281.9142	1.134418	0.1867686	4.183874
2016	-1840.804	-2122.398	281.5941	0.9839482	0.3775805	4.183874
2022	-1830.202	-2112.451	282.2487	1.075529	0.1547869	4.086623
2028	-1826.358	-2107.801	281.4434	1.084164	0.2761622	4.339599
2034	-1828.539	-2111.554	283.0147	1.141476	0.3095166	3.357548
2040	-1816.52	-2101.092	284.5729	1.370847	0.1959435	2.455918
2046	-1826.192	-2109.898	283.7055	1.441431	0.1972626	2.942724
2052	-1838.702	-2123.559	284.8568	1.445199	0.1836324	2.252519
2058	-1826.27	-2110.45	284.1796	1.416448	0.1836324	2.695214
2064	-1831.711	-2116.115	284.4044	1.40594	0.1930103	2.544833
2070	-1824.678	-2108.92	284.242	1.402716	0.15716	2.718495
2076	-1817.813	-2101.201	283.3883	1.181521	0.2043694	3.27405
2082	-1826.217	-2109.103	282.8863	1.244133	0.2162681	3.5115
2088	-1833.753	-2117.724	283.9715	1.182932	0.2096102	2.916183
2094	-1844.488	-2128.748	284.2607	1.203483	0.1540366	2.835137
2100	-1845.455	-2129.19	283.7354	1.438286	0.2749361	2.798723
2106	-1833.844	-2118.565	284.7209	1.475616	0.1932519	2.301034
2112	-1839.06	-2121.087	282.0276	1.139257	0.09967545	4.295559
2118	-1840.53	-2122.52	281.9905	1.176378	0.09967545	4.295559
2124	-1840.903	-2123.156	282.2527	1.315541	0.2012337	3.862067
2130	-1827.048	-2108.32	281.2722	1.096093	0.1627384	4.611486
2136	-1826.723	-2109.245	282.5222	1.1072	0.1530071	3.915806
2142	-1816.354	-2098.241	281.8868	1.063384	0.1861653	4.24078
2148	-1828.069	-2109.967	281.8976	0.9345716	0.160633	4.354438
2154	-1822.655	-2104.973	282.3182	1.022404	0.1764213	4.036268
2160	-1827.592	-2106.969	279.3766	0.971644	0.192946	5.677196
2166	-1817.188	-2099.079	281.8916	0.9994759	0.1276083	4.387987
2172	-1822.41	-2104.383	281.9739	1.080684	0.2090342	4.142443
2178	-1825.789	-2107.426	281.6373	1.158269	0.1951867	4.312658
2184	-1820.109	-2102.733	282.6239	1.203167	0.2120082	3.694713
2190	-1823.462	-2106.59	283.1284	1.142855	0.1348076	3.58306
2196	-1819.184	-2102.222	283.0383	1.10045	0.1730596	3.58306
2202	-1827.026	-2109.001	281.9752	1.161245	0.2537755	4.025852
2208	-1828.252	-2111.127	282.8748	1.335141	0.1204874	3.650249
2214	-1833.899	-2117.437	283.5378	1.354385	0.2122426	3.069042
2220	-1825.187	-2108.846	283.6593	1.248818	0.206764	3.069042
2226	-1820.935	-2104.56	283.6257	1.263054	0.206764	3.080601
2232	-1821.921	-2105.5	283.5795	1.420852	0.1506075	3.121036
2238	-1839.704	-2122.411	282.7064	1.374852	0.1089909	3.751212
2244	-1820.031	-2102.824	282.7927	1.416411	0.09642011	3.707862
2250	-1826.869	-2111.095	284.2262	1.444178	0.1396735	2.740541
2256	-1830.606	-2116.016	285.4096	1.744842	0.1396735	1.78383
2262	-1830.978	-2115.907	284.9294	1.584834	0.1361926	2.219574
2268	-1819.647	-2103.507	283.8594	1.437702	0.124219	3.001558
2274	-1821.068	-2106.018	284.9501	1.492607	0.1168689	2.312808
2280	-1826.458	-2111.074	284.6157	1.539084	0.1675471	2.379416
2286	-1826.662	-2110.58	283.9175	1.429513	0.1496472	2.915321
2292	-1824.377	-2108.364	283.9866	1.346167	0.1570678	2.908401
2298	-1840.924	-2125.446	284.5216	1.496489	0.1796067	2.441023
2304	-1827.132	-2110.499	283.3669	1.408854	0.2320041	3.105366
2310	-1818.638	-2101.103	282.4653	1.115493	0.148152	3.95336
2316	-1832.28	-2115.302	283.0225	1.36906	0.1748107	3.432384
2322	-1838.097	-2120.381	282.2833	1.152714	0.1748107	3.984718
2328	-1834.611	-2115.845	281.2344	0.9606305	0.2009992	4.640873
2334	-1843.705	-2126.925	283.22	1.154816	0.2553563	3.306185
2340	-1833.741	-2115.467	281.7259	1.012048	0.2423429	4.26951
2346	-1816.855	-2099.734	282.8794	1.303312	0.1590188	3.584639
2352	-1814.379	-2097.297	282.9175	1.296131	0.1151499	3.660315
2358	-1815.144	-2097.214	282.0701	1.357614	0.1151499	4.111356
2364	-1818.422	-2100.437	282.0146	1.199439	0.1748171	4.111356
2370	-1821.698	-2104.731	283.0333	1.299484	0.2029626	3.415814
2376	-1831.318	-2114.208	282.8894	1.303134	0.1388024	3.620207
2382	-1836.238	-2117.977	281.739	1.126915	0.1337182	4.389211
2388	-1832.719	-2115.229	282.5106	1.263921	0.1666664	3.805816
2394	-1834.467	-2116.278	281.8106	1.213476	0.1910897	4.190233
2400	-1835.848	-2119.295	283.4473	1.155956	0.2225805	3.223295
2406	-1829.505	-2110.296	280.7916	0.860703	0.1735958	4.991183
2412	-1821.398	-2102.272	280.8744	0.8769384	0.2234022	4.852699
2418	-1817.976	-2100.483	282.5068	1.144462	0.1766122	3.85808
2424	-1817.378	-2098.491	281.113	0.9673148	0.176066	4.748251
2430	-1824.365	-2106.205	281.8398	1.162716	0.1625448	4.25444
2436	-1835.225	-2118.487	283.2622	1.357687	0.2115387	3.232089
2442	-1845.268	-2127.333	282.0655	1.184638	0.1865943	4.069575
2448	-1843.802	-2127.026	283.2238	1.248938	0.1237749	3.489978
2454	-1837.663	-2121.274	283.611	1.323679	0.1824335	3.097318
2460	-1833.347	-2116.39	283.0435	1.29301	0.3241023	3.231872
2466	-1822.465	-2104.865	282.4002	1.194988	0.2031532	3.843299
2472	-1823.827	-2107.166	283.3393	1.358665	0.1813781	3.23978
2478	-1828.442	-2112.163	283.7209	1.378666	0.1177832	3.13456
2484	-1825.718	-2108.037	282.3187	1.275781	0.1820105	3.880805
2490	-1832.402	-2115.282	282.8809	1.344895	0.1365621	3.605679
2496	-1812.267	-2094.435	282.1688	1.179686	0.1968001	3.995575
2502	-1827.435	-2109.695	282.2598	1.194921	0.1968001	3.934816
2508	-1824.05	-2106.901	282.8507	1.316479	0.1231595	3.669002
2514	-1835.37	-2118.68	283.31	1.482808	0.229643	3.0991
2520	-1837.544	-2122.451	284.9072	1.424184	0.2159492	2.171047
2526	-1850.318	-2133.401	283.0832	1.170062	0.2464446	3.391287
2532	-1846.392	-2128.631	282.2393	1.172349	0.1790578	3.990905
2538	-1840.765	-2122.853	282.0878	1.057467	0.274489	3.990905
2544	-1830.285	-2113.042	282.757	1.353709	0.1328603	3.680355
2550	-1836.168	-2119.847	283.6794	1.368232	0.2022872	2.993385
2556	-1842.827	-2127.023	284.196	1.295849	0.226393	2.681742
2562	-1837.627	-2120.965	283.3383	1.359659	0.1719373	3.257716
2568	-1830.331	-2114.196	283.8654	1.167778	0.1601113	3.081993
2574	-1834.121	-2117.944	283.8228	1.097998	0.2164557	3.044709
2580	-1824.641	-2108.376	283.735	1.448475	0.1352484	3.044709
2586	-1832.22	-2116.106	283.8861	1.620125	0.231719	2.663877
2592	-1830.765	-2113.753	282.9876	1.245234	0.1742357	3.526125
2598	-1830.424	-2113.595	283.1712	1.245234	0.176885	3.413879
2604	-1835.091	-2117.793	282.7018	1.140599	0.176885	3.747539
2610	-1837.969	-2120.069	282.0997	1.096964	0.1419024	4.185054
2616	-1845.528	-2127.453	281.9251	1.250258	0.1121655	4.261479
2622	-1830.318	-2112.311	281.9935	1.118439	0.2061279	4.114676
2628	-1826.48	-2109.027	282.5468	1.073489	0.1794188	3.870729
2634	-1831.803	-2113.5	281.6973	1.175557	0.1775185	4.300068
2640	-1836.299	-2119.846	283.5471	1.140101	0.2108182	3.19344
2646	-1836.315	-2119.234	282.9191	1.250083	0.2490491	3.436513
2652	-1829.807	-2113.302	283.4944	1.283893	0.1267331	3.304198
2658	-1830.418	-2112.692	282.2745	1.165754	0.2086312	3.923012
2664	-1841.436	-2123.521	282.0851	1.121069	0.2440353	4.000644
2670	-1843.08	-2126.407	283.3276	1.309037	0.1723482	3.293094
2676	-1850.716	-2135.052	284.3361	1.168573	0.2834501	2.582706
2682	-1851.649	-2136.008	284.3595	1.470185	0.1606526	2.59728
2688	-1838.806	-2122.853	284.0462	1.379616	0.1559975	2.854352
2694	-1840.5	-2124.814	284.3142	1.492594	0.1347773	2.667893
2700	-1824.32	-2106.223	281.9032	1.123249	0.2152661	4.148228
2706	-1832.793	-2113.633	280.8408	1.091121	0.1543339	4.87139
2712	-1823.647	-2105.525	281.878	1.14778	0.2181737	4.143901
2718	-1833.86	-2116.763	282.9032	1.310368	0.2011902	3.488609
2724	-1834.168	-2116.776	282.6082	1.042115	0.2011902	3.814958
2730	-1828.098	-2110.497	282.3982	1.042115	0.196736	3.943149
2736	-1820.251	-2102.82	282.569	1.175349	0.1827296	3.793352
2742	-1827.081	-2107.933	280.8525	1.003289	0.1728113	4.879392
2748	-1834.155	-2116.662	282.5072	1.163131	0.1598867	3.878784
2754	-1851.902	-2133.468	281.5661	1.131798	0.2336476	4.305429
2760	-1846.869	-2129.46	282.5907	1.099515	0.2264948	3.75007
2766	-1857.489	-2139.825	282.3356	1.034507	0.2264948	3.934058
2772	-1841.956	-2122.383	280.4266	1.006066	0.1792844	5.102901
2778	-1844.223	-2125.564	281.3404	1.13472	0.134316	4.607806
2784	-1838.577	-2122.567	283.9899	1.265512	0.1786082	2.912153
2790	-1841.033	-2125.819	284.786	1.456193	0.2533695	2.162878
2796	-1835.713	-2120.589	284.8766	1.683382	0.1477727	2.162878
2802	-1842.389	-2127.169	284.7802	1.515123	0.1837232	2.256592
2808	-1845.521	-2129.144	283.6229	1.640008	0.123014	3.024877
2814	-1842.736	-2125.74	283.0038	1.34966	0.2396404	3.343083
2820	-1839.711	-2123.432	283.7206	1.267396	0.2015661	3.030435
2826	-1846.11	-2130.54	284.4298	1.492351	0.2002899	2.461267
2832	-1829.828	-2114.71	284.8825	1.472534	0.1169262	2.368432
2838	-1834.693	-2119.385	284.6926	1.530135	0.1526087	2.368432
2844	-1834.693	-2119.63	284.9369	1.579255	0.2038081	2.073262
2850	-1842.773	-2127.557	284.784	1.638193	0.2038081	2.134846
2856	-1837.795	-2121.593	283.7972	1.518707	0.1216524	2.996239
2862	-1828.304	-2111.464	283.1593	1.258237	0.2585335	3.276167
2868	-1826.825	-2110.178	283.3535	1.348351	0.1613239	3.276167
2874	-1814.841	-2097.752	282.9113	1.313798	0.1613239	3.555444
2880	-1820.608	-2103.585	282.977	1.359208	0.2017872	3.415872
2886	-1837.073	-2120.53	283.4564	1.431198	0.1480043	3.19351
2892	-1842.18	-2124.33	282.1498	1.11275	0.1766759	4.080332
2898	-1839.825	-2122.999	283.174	0.9937266	0.1766759	3.559437
2904	-1845.719	-2128.495	282.7761	1.167243	0.2110332	3.629002
2910	-1840.447	-2123.796	283.3488	1.41453	0.1363497	3.291755
2916	-1823.507	-2107.344	283.8369	1.302819	0.1477064	3.043973
2922	-1818.776	-2101.814	283.0379	1.205627	0.1067725	3.662705
2928	-1833.325	-2117.03	283.7056	1.381982	0.1071537	3.167201
2934	-1841.581	-2124.424	282.8432	1.495198	0.1071537	3.606795
2940	-1829.513	-2112.407	282.8943	1.217527	0.2034249	3.544051
2946	-1852.795	-2135.202	282.4069	1.217527	0.1382087	3.948828
2952	-1838.487	-2121.898	283.4109	1.245839	0.1741386	3.27785
2958	-1829.916	-2113.288	283.3723	1.225878	0.1314744	3.3995
2964	-1836.636	-2118.934	282.2974	1.347396	0.2260523	3.77697
2970	-1819.73	-2103.12	283.3903	1.378847	0.1494329	3.260604
2976	-1824.104	-2108.176	284.0723	1.33085	0.1113644	2.968405
2982	-1836.094	-2120.126	284.0324	1.498977	0.1520605	2.798464
2988	-1821.769	-2106.313	284.544	1.41825	0.1698773	2.495666
2994	-1836.429	-2118.528	282.0994	1.252339	0.1216232	4.140073
3000	-1840.216	-2123.964	283.7473	1.251701	0.1701436	3.082443
3006	-1848.039	-2131.867	283.8288	1.544832	0.1103189	2.988668
3012	-1837.159	-2122.123	284.9639	1.55779	0.1553559	2.170592
3018	-1834.738	-2119.761	285.0237	1.637297	0.1557008	2.078668
3024	-1840.604	-2125.682	285.0783	1.52697	0.1723954	2.078668
3030	-1842.048	-2126.068	284.0199	1.370783	0.1766058	2.834181
3036	-1835.323	-2117.486	282.1627	1.24484	0.1283829	4.093572
3042	-1842.233	-2125.431	283.198	1.24484	0.147715	3.455846
3048	-1840.592	-2123.768	283.176	1.292857	0.3219101	3.156319
3054	-1841.054	-2123.918	282.8634	1.079028	0.1914561	3.663312
3060	-1836.261	-2119.748	283.4865	1.280677	0.1801495	3.201139
3066	-1836.555	-2119.877	283.3224	1.292315	0.2319695	3.201139
3072	-1841.365	-2123.267	281.9029	1.258784	0.1584981	4.171907
3078	-1843.37	-2126.064	282.6942	1.150859	0.202696	3.700049
3084	-1836.962	-2119.453	282.4909	1.355092	0.1766479	3.745917
3090	-1824.402	-2106.09	281.6881	1.058926	0.2579789	4.241234
3096	-1827.69	-2109.692	282.0017	1.023632	0.2451301	4.102141
3102	-1834.568	-2116.556	281.9889	1.25055	0.137587	4.169639
3108	-1833.622	-2115.604	281.9813	1.012452	0.2320608	4.140082
3114	-1844.816	-2125.413	280.5976	0.9485679	0.1494902	5.095182
3120	-1837.52	-2121.805	284.2854	1.346991	0.1699732	2.699773
3126	-1827.53	-2112.53	284.9999	1.551743	0.2305329	1.999303
3132	-1832.926	-2116.575	283.6485	1.511041	0.1317493	3.066808
3138	-1826.142	-2110.537	284.395	1.378541	0.1520996	2.650053
3144	-1815.723	-2099.998	284.2747	1.453322	0.2284333	2.532113
3150	-1821.18	-2103.993	282.813	1.076887	0.2022497	3.674889
3156	-1825.34	-2106.667	281.3275	0.9436301	0.1572046	4.676471
3162	-1826.409	-2107.365	280.9566	0.8562347	0.3258885	4.676471
3168	-1824.629	-2107.062	282.4329	1.035747	0.1663795	3.981881
3174	-1826.576	-2108.798	282.2227	1.060401	0.2277366	3.981881
3180	-1831.903	-2115.794	283.8904	1.320046	0.1159526	3.072803
3186	-1830.238	-2114.551	284.313	1.356961	0.156905	2.703586
3192	-1828.654	-2112.625	283.9709	1.23875	0.2353261	2.839063
3198	-1829.427	-2113.995	284.5679	1.367726	0.2505558	2.364366
3204	-1835.122	-2120.238	285.1164	1.576761	0.3026972	1.779396
3210	-1843.488	-2126.89	283.4019	1.355193	0.2014806	3.168235
3216	-1840.353	-2123.711	283.3586	1.284144	0.2014806	3.236022
3222	-1838.35	-2121.347	282.9979	1.284144	0.2074788	3.437731
3228	-1829.003	-2112.974	283.9708	1.181847	0.2472769	2.854305
3234	-1830.168	-2113.152	282.9845	1.222261	0.1615931	3.565556
3240	-1832.297	-2116.212	283.9143	1.402355	0.1615931	2.908836
3246	-1826.049	-2107.586	281.5371	1.03814	0.1739385	4.474498
3252	-1820.62	-2102.192	281.5722	1.029273	0.1659329	4.474498
3258	-1829.47	-2112.499	283.0288	1.338683	0.1217963	3.555808
3264	-1835.997	-2121.259	285.2622	1.541922	0.2046203	1.878838
3270	-1831.528	-2114.71	283.1824	1.316513	0.1757961	3.36755
3276	-1831.181	-2114.463	283.2818	1.329424	0.1748219	3.303384
3282	-1835.354	-2118.005	282.6512	1.249191	0.157622	3.750807
3288	-1834.142	-2115.432	281.2902	1.028886	0.2267291	4.529729
3294	-1833.459	-2113.881	280.4219	0.9855711	0.1439852	5.182782
3300	-1829.845	-2111.592	281.7472	1.048802	0.1914378	4.318864
3306	-1835.95	-2117.897	281.9471	1.083967	0.1236521	4.317465
3312	-1848.865	-2131.596	282.7308	1.074288	0.1510481	3.81882
3318	-1832.751	-2116.099	283.348	1.164106	0.1654756	3.379659
3324	-1832.865	-2115.151	282.2867	1.369719	0.1373985	3.932172
3330	-1839.253	-2123.76	284.5073	1.368257	0.1576173	2.575223
3336	-1831.48	-2114.752	283.2727	1.238926	0.1359686	3.440396
3342	-1821.152	-2104.538	283.3856	1.376686	0.2067348	3.155978
3348	-1830.363	-2114.822	284.4593	1.440498	0.1696987	2.53501
3354	-1818.243	-2101.484	283.2409	1.215686	0.2266358	3.303262
3360	-1829.246	-2111.3	282.0544	1.076357	0.2368854	4.05459
3366	-1847.766	-2131.184	283.4178	1.395896	0.2991809	2.981291
3372	-1836.882	-2119.113	282.2308	1.163699	0.1368325	4.08303
3378	-1829.853	-2113.621	283.7682	1.28611	0.158033	3.073576
3384	-1822.349	-2105.437	283.0872	1.264851	0.1494131	3.505396
3390	-1830.101	-2113.613	283.5117	1.289192	0.1973796	3.149506
3396	-1836.532	-2118.965	282.4332	1.065953	0.2746983	3.787605
3402	-1831.69	-2113.899	282.2092	1.155907	0.1169897	4.142803
3408	-1826.382	-2108.826	282.4444	1.175832	0.1859696	3.858888
3414	-1833.93	-2116.633	282.7037	1.264755	0.170863	3.685949
3420	-1828.94	-2112.282	283.3419	1.193921	0.2256401	3.25815
3426	-1845.741	-2129.993	284.2521	1.47782	0.1654471	2.648954
3432	-1826.43	-2109.983	283.5532	1.358607	0.1666098	3.141346
3438	-1830.57	-2113.58	283.0097	1.15407	0.1920177	3.533813
3444	-1838.375	-2122.286	283.9106	1.291347	0.1911154	2.920857
3450	-1856.22	-2139.297	283.0766	1.330616	0.1993524	3.378499
3456	-1861.565	-2143.866	282.3008	1.219992	0.1993524	3.892503
3462	-1840.597	-2124.085	283.4882	1.281117	0.1702581	3.218743
3468	-1833.357	-2114.244	280.8864	0.9477406	0.2333594	4.791151
3474	-1837.796	-2118.207	280.4108	0.8641	0.2272862	5.111493
3480	-1847.26	-2128.711	281.4515	0.9941211	0.2183882	4.471751
3486	-1829.317	-2110.739	281.4222	1.057785	0.2064796	4.471751
3492	-1832.388	-2114.417	282.0294	1.057785	0.2018297	4.135953
3498	-1833.905	-2114.712	280.8061	1.176599	0.1436613	4.864025
3504	-1839.709	-2121.786	282.077	0.9511295	0.2653056	4.070887
3510	-1841.912	-2124.173	282.2601	1.190075	0.1276215	4.070887
3516	-1831.56	-2114.548	282.9874	1.173745	0.2161278	3.493779
3522	-1827.137	-2109.875	282.7373	1.027472	0.1724873	3.800467
3528	-1823.948	-2106.753	282.8043	1.139158	0.1698814	3.702281
3534	-1837.597	-2120.891	283.2934	1.304961	0.2226869	3.226026
3540	-1830.739	-2112.13	281.3918	1.059319	0.2226869	4.461784
3546	-1836.038	-2117.48	281.442	0.9615295	0.226141	4.483184
3552	-1847.843	-2129.313	281.4693	0.9485356	0.2210326	4.483184
3558	-1828.741	-2111.652	282.911	1.036575	0.2821619	3.517226
3564	-1834.208	-2116.218	282.0102	1.20522	0.1961621	4.072636
3570	-1830.105	-2112.492	282.3873	1.049922	0.1302345	4.072636
3576	-1842.445	-2123.7	281.2554	0.9428895	0.1829253	4.670048
3582	-1833.507	-2116.419	282.9115	0.9502343	0.1662476	3.756367
3588	-1837.896	-2119.522	281.6266	1.032697	0.1604939	4.452217
3594	-1829.293	-2111.568	282.2751	1.154148	0.1604939	4.01565
3600	-1814.861	-2097.076	282.2144	1.073847	0.2052091	4.01565
3606	-1816.225	-2097.643	281.4176	1.121214	0.1795812	4.484836
3612	-1823.72	-2101.964	278.2441	0.8973955	0.1795812	6.357962
3618	-1824.721	-2106.671	281.949	1.000429	0.1596299	4.290029
3624	-1819.076	-2101.844	282.7681	1.175303	0.176674	3.689596
3630	-1826.997	-2110.218	283.2207	1.388204	0.1337108	3.388327
3636	-1828.079	-2111.822	283.7424	1.381925	0.1585258	3.030759
3642	-1839.572	-2121.724	282.1524	1.12122	0.2182641	4.002502
3648	-1834.238	-2115.826	281.5885	1.025186	0.2768106	4.290013
3654	-1840.094	-2120.86	280.766	0.9526224	0.1812778	4.940634
3660	-1837.852	-2117.281	279.4292	0.8405096	0.1812778	5.740054
3666	-1844.387	-2124.044	279.6573	0.8690779	0.3172253	5.401431
3672	-1847.138	-2126.782	279.6445	0.9669022	0.2808358	5.401431
3678	-1838.664	-2121.135	282.471	1.094989	0.3104979	3.700064
3684	-1836.735	-2121.085	284.3508	1.470999	0.1931405	2.537479
3690	-1821.726	-2103.456	281.7297	1.074176	0.1728311	4.347581
3696	-1817.95	-2099.405	281.4553	0.9297096	0.2008945	4.534422
3702	-1809.605	-2091.467	281.8623	1.219726	0.1692254	4.196728
3708	-1820.186	-2102.842	282.656	1.237463	0.183136	3.706604
3714	-1824.477	-2107.713	283.2364	1.158176	0.1664449	3.44663
3720	-1826.988	-2109.345	282.3569	1.125835	0.2255026	3.871059
3726	-1833.084	-2116.394	283.3096	1.249317	0.2311303	3.235516
3732	-1845.971	-2129.388	283.4164	1.164753	0.2237543	3.23446
3738	-1838.555	-2120.75	282.1948	1.030142	0.1364856	4.180198
3744	-1826.38	-2108.572	282.1922	1.227178	0.1364856	4.069529
3750	-1833.116	-2114.294	281.1776	1.129633	0.2924039	4.441839
3756	-1829.6	-2110.428	280.8277	0.8526931	0.2969773	4.787317
3762	-1823.8	-2105.106	281.3055	0.9556848	0.2085056	4.591379
3768	-1826.931	-2108.411	281.4801	1.046957	0.1282772	4.591379
3774	-1831.426	-2113.538	282.1119	1.244541	0.1358345	4.106763
3780	-1831.804	-2115.819	284.0156	1.446206	0.1358345	2.875944
3786	-1823.776	-2107.902	284.1261	1.351409	0.1937685	2.748635
3792	-1827.407	-2111.004	283.5969	1.29457	0.2296005	3.040216
3798	-1840.895	-2124.947	284.0512	1.274637	0.1698452	2.886724
3804	-1841.604	-2125.178	283.574	1.281838	0.2307011	3.059736
3810	-1851.375	-2134.501	283.126	1.259238	0.2287606	3.341805
3816	-1842.412	-2124.584	282.1725	1.272828	0.1589856	4.009362
3822	-1842.594	-2124.691	282.0964	1.176992	0.1353546	4.155021
3828	-1838.662	-2121.848	283.1869	1.420266	0.1460864	3.362956
3834	-1844.023	-2128.726	284.7026	1.397744	0.1883854	2.371707
3840	-1840.292	-2122.677	282.3844	1.157894	0.1487638	3.974172
3846	-1820.032	-2102.332	282.2999	1.143924	0.2016506	3.932731
3852	-1822.396	-2105.101	282.7048	1.115904	0.1393948	3.833731
3858	-1830.163	-2111.495	281.3329	1.058455	0.2902171	4.39732
3864	-1847.506	-2128.994	281.4877	1.216458	0.1802593	4.390436
3870	-1824.318	-2107.596	283.2787	1.234813	0.1904851	3.331822
3876	-1828.357	-2110.675	282.3181	1.068743	0.1904851	3.984637
3882	-1827.763	-2110.41	282.6465	1.193992	0.2333163	3.652359
3888	-1832.739	-2114.62	281.8809	1.150942	0.2333163	4.1165
3894	-1827.94	-2108.827	280.8866	1.07129	0.1486187	4.868038
3900	-1824.565	-2106.079	281.5142	1.153787	0.1910648	4.391818
3906	-1833.533	-2117.629	284.0965	1.336098	0.2115247	2.743899
3912	-1825.695	-2109.3	283.6055	1.338762	0.2450839	2.983538
3918	-1825.034	-2108.452	283.418	1.309922	0.1583949	3.266611
3924	-1828.143	-2111.647	283.5039	1.349555	0.1444502	3.221194
3930	-1838.253	-2121.382	283.1288	1.32928	0.1881092	3.368709
3936	-1848.908	-2130.735	281.8263	1.277823	0.2681943	4.02337
3942	-1842.75	-2125.098	282.3481	1.151812	0.1507535	3.994395
3948	-1843.487	-2126.519	283.0316	1.263358	0.2791268	3.318069
3954	-1840.473	-2123.038	282.5652	1.151611	0.2235423	3.739478
3960	-1839.866	-2120.086	280.2198	1.026829	0.2382102	5.110636
3966	-1860.039	-2141.763	281.7239	1.058209	0.2019265	4.308858
3972	-1853.566	-2135.906	282.34	1.191764	0.1696067	3.939648
3978	-1859.845	-2143.538	283.6921	1.166052	0.256143	3.017854
3984	-1872.179	-2154.689	282.5093	1.175412	0.1412803	3.907869
3990	-1855.363	-2138.139	282.7764	1.116303	0.2331294	3.622336
3996	-1841.05	-2123.839	282.7889	1.190862	0.2025206	3.622336
4002	-1829.078	-2111.797	282.7194	1.147012	0.1442507	3.797346
4008	-1827.778	-2110.815	283.0371	1.147012	0.2197705	3.474373
4014	-1825.039	-2106.051	281.0124	1.014198	0.1708218	4.787716
4020	-1831.588	-2113.258	281.6699	1.140282	0.1532661	4.381062
4026	-1842.185	-2124.41	282.2252	1.173127	0.1664983	4.02178
4032	-1836.715	-2119.625	282.9101	1.259776	0.1612355	3.587725
4038	-1823.004	-2106.85	283.8456	1.291726	0.148399	3.04393
4044	-1818.311	-2102.499	284.1879	1.383841	0.148399	2.781676
4050	-1826.212	-2110.281	284.0687	1.407999	0.1856329	2.764399
4056	-1830.03	-2113.19	283.1602	1.447097	0.1533116	3.348002
4062	-1843.275	-2127.194	283.9184	1.477341	0.341307	2.568719
4068	-1834.441	-2119.264	284.8233	1.616483	0.1591254	2.215243
4074	-1840.112	-2124.995	284.8831	1.525598	0.1652852	2.221986
4080	-1824.358	-2108.649	284.2913	1.422706	0.1652852	2.6591
4086	-1826.973	-2111.395	284.4214	1.364082	0.2416647	2.473778
4092	-1834.414	-2119.107	284.6931	1.441993	0.1990556	2.329028
4098	-1835.354	-2120.292	284.9386	1.433561	0.2057318	2.163763
4104	-1836.454	-2122.096	285.6419	1.557876	0.2228862	1.562627
4110	-1837.101	-2122.335	285.2339	1.535766	0.1838255	1.944966
4116	-1827.841	-2112.439	284.5981	1.450077	0.1985103	2.385233
4122	-1839.639	-2124.59	284.9508	1.466175	0.154888	2.239328
4128	-1844.076	-2128.558	284.4827	1.466175	0.2072999	2.431414
4134	-1837.978	-2122.753	284.7742	1.57058	0.1376	2.32485
4140	-1845.719	-2130.951	285.2325	1.78528	0.1651778	1.817028
4146	-1844.526	-2129.197	284.6713	1.430589	0.1508791	2.448478
4152	-1838.664	-2122.01	283.3462	1.281228	0.1968645	3.253226
4158	-1853.562	-2137.432	283.8695	1.328437	0.1783889	2.94727
4164	-1844.517	-2127.964	283.4477	1.322913	0.2168017	3.133704
4170	-1831.379	-2114.378	282.999	1.223888	0.1638335	3.551824
4176	-1838.485	-2121.817	283.3316	1.223888	0.1649636	3.355153
4182	-1857.287	-2141.785	284.4982	1.367714	0.2028833	2.491618
4188	-1852.255	-2136.753	284.498	1.461804	0.2578138	2.337066
4194	-1838.761	-2123.924	285.1628	1.555445	0.1379936	2.082361
4200	-1829.343	-2114.863	285.5197	1.622038	0.1864168	1.682374
4206	-1826.23	-2110.985	284.7556	1.349479	0.2061964	2.334611
4212	-1834.579	-2118.004	283.4252	1.261797	0.2150032	3.186411
4218	-1835.048	-2118.921	283.8732	1.19996	0.2117339	2.961464
4224	-1831.701	-2116.039	284.3385	1.277233	0.2782927	2.521458
4230	-1846.808	-2131.082	284.2747	1.277233	0.182516	2.724378
4236	-1846.257	-2129.858	283.6007	1.269231	0.3651142	2.860445
4242	-1843.723	-2124.432	280.7082	1.028927	0.382309	4.652717
4248	-1838.057	-2118.638	280.581	0.9302132	0.2246284	4.98445
4254	-1838.286	-2118.586	280.3	1.109724	0.1745136	5.124107
4260	-1829.02	-2111.61	282.5895	1.199466	0.1824681	3.768142
4266	-1830.118	-2113.117	282.9988	1.187495	0.1774666	3.547167
4272	-1831.184	-2114.447	283.2631	1.255767	0.1510073	3.404593
4278	-1842.442	-2124.618	282.1763	1.321894	0.1634482	3.970565
4284	-1854.423	-2137.929	283.5061	1.361552	0.1510591	3.198919
4290	-1841.42	-2125.272	283.8521	1.388404	0.1849285	2.909138
4296	-1835.146	-2119.244	284.098	1.471625	0.2238848	2.638154
4302	-1844.923	-2129.621	284.6988	1.385426	0.1391713	2.485755
4308	-1828.799	-2113.748	284.9495	1.677243	0.1846183	2.038714
4314	-1828.897	-2113.112	284.2151	1.621263	0.09646202	2.743549
4320	-1837.994	-2119.574	281.5795	1.163426	0.11059	4.509096
4326	-1838.652	-2120.658	282.0058	1.174936	0.1242835	4.231314
4332	-1823.983	-2106.41	282.4274	1.197408	0.1064026	4.019285
4338	-1834.978	-2115.381	280.4025	1.030236	0.2025797	5.063244
4344	-1823.713	-2106.086	282.3736	1.119826	0.1291763	4.042853
4350	-1831.555	-2114.76	283.2054	1.311487	0.2196236	3.279266
4356	-1833.925	-2117.759	283.8335	1.41172	0.1502031	2.97547
4362	-1837.422	-2121.411	283.9893	1.34646	0.2592699	2.723775
4368	-1828.861	-2112.881	284.0201	1.394759	0.2294549	2.723775
4374	-1834.556	-2119.471	284.9143	1.562415	0.1291675	2.260567
4380	-1838.495	-2122.068	283.5728	1.313029	0.1604786	3.168961
4386	-1831.204	-2114.996	283.7927	1.386423	0.1351756	3.047489
4392	-1844.451	-2128.947	284.4952	1.501754	0.1792653	2.454965
4398	-1854.224	-2136.737	282.512	1.283846	0.2161831	3.705798
4404	-1858.646	-2142.181	283.5343	1.223257	0.2598946	3.072284
4410	-1855.176	-2140.262	285.086	1.622813	0.1531891	2.05287
4416	-1848.808	-2133.224	284.4166	1.436809	0.168107	2.567135
4422	-1835.901	-2120.294	284.3927	1.377887	0.1577425	2.639924
4428	-1825.146	-2109.278	284.1311	1.401811	0.1433741	2.816227
4434	-1828.293	-2112.452	284.1592	1.45898	0.2608958	2.546922
4440	-1828.81	-2112.754	283.9445	1.365333	0.233534	2.781097
4446	-1847.335	-2132.479	285.1438	1.597062	0.2257123	1.880778
4452	-1843.223	-2128.039	284.8164	1.332483	0.2257123	2.271021
4458	-1839.016	-2123.277	284.2605	1.32197	0.2242144	2.62964
4464	-1825.025	-2108.797	283.7719	1.2398	0.2135508	2.995238
4470	-1826.077	-2108.905	282.8281	1.2059	0.1677812	3.653885
4476	-1819.994	-2102.738	282.7442	1.37052	0.1442751	3.653885
4482	-1821.11	-2103.993	282.8829	1.24936	0.1304734	3.673028
4488	-1832.651	-2115.968	283.3177	1.378061	0.09942868	3.417302
4494	-1844.01	-2126.638	282.6282	1.243868	0.1358469	3.811653
4500	-1841.1	-2124.645	283.5451	1.273929	0.1703979	3.189029
4506	-1848.65	-2132.746	284.0965	1.406424	0.3199979	2.531024
4512	-1831.207	-2115.05	283.8436	1.408437	0.268891	2.760128
4518	-1836.282	-2119.726	283.4441	1.288019	0.2478242	3.106123
4524	-1841.882	-2126.281	284.3989	1.305847	0.1637718	2.667908
4530	-1838.976	-2121.799	282.8232	1.226814	0.1637718	3.652302
4536	-1835.527	-2118.54	283.0128	1.274818	0.1637718	3.514263
4542	-1829.2	-2111.643	282.4427	1.181136	0.1396317	3.946201
4548	-1832.234	-2116.062	283.8275	1.383373	0.1891086	2.919173
4554	-1840.044	-2121.755	281.7116	1.124276	0.2803221	4.159128
4560	-1832.707	-2116.66	283.9531	1.239732	0.2208818	2.873449
4566	-1835.269	-2118.88	283.6105	1.376863	0.2057655	3.023392
4572	-1828.838	-2112.836	283.9983	1.314838	0.1446715	2.946354
4578	-1825.492	-2107.53	282.0381	1.123171	0.2585396	4.00466
4584	-1827.556	-2109.492	281.9361	1.153381	0.1566537	4.216442
4590	-1825.922	-2108.929	283.0068	1.264213	0.1778157	3.497174
4596	-1835.673	-2118.523	282.85	1.346859	0.08756211	3.73735
4602	-1859.956	-2140.507	280.5511	0.9052359	0.3475065	4.849547
4608	-1836.261	-2117.732	281.472	1.019008	0.1319904	4.60377
4614	-1842.559	-2122.603	280.0437	0.9312199	0.215333	5.296034
4620	-1834.227	-2114.378	280.1507	0.9845482	0.1634621	5.296034
4626	-1836.658	-2119.182	282.5243	1.143439	0.1770687	3.847764
4632	-1845.702	-2130.281	284.5785	1.370635	0.1597506	2.524928
4638	-1842.67	-2125.608	282.938	1.320807	0.1597506	3.538927
4644	-1840.558	-2125.483	284.925	1.658662	0.1389755	2.168007
4650	-1838.991	-2123.925	284.9334	1.636869	0.1675838	2.11199
4656	-1832.625	-2117.634	285.0088	1.709416	0.1818988	1.983562
4662	-1839.645	-2123.126	283.4811	1.181246	0.2476494	3.147921
4668	-1829.222	-2112.233	283.0114	1.277917	0.259186	3.350672
4674	-1824.09	-2107.322	283.2322	1.284915	0.344511	3.098297
4680	-1825.699	-2109.451	283.7525	1.32586	0.2960924	2.825751
4686	-1824.76	-2108	283.24	1.055787	0.2142889	3.418192
4692	-1827.053	-2109.658	282.6054	1.042879	0.1718441	3.868644
4698	-1821.683	-2103.624	281.9408	0.9652147	0.184669	4.268503
4704	-1860.197	-2143.044	282.8468	1.3736	0.5706349	3.035422
4710	-1851.01	-2133.394	282.3842	1.147136	0.1986067	3.887742
4716	-1833.693	-2117.585	283.8916	1.310785	0.1275824	3.050578
4722	-1833.545	-2117.616	284.0715	1.369578	0.1102463	2.9483
4728	-1838.871	-2122.443	283.572	1.234389	0.1588387	3.219384
4734	-1837.809	-2120.955	283.1459	1.200751	0.1356762	3.537307
4740	-1843.506	-2126.395	282.8891	1.159655	0.1672419	3.646371
4746	-1834.639	-2117.53	282.8912	1.12759	0.1764486	3.646371
4752	-1830.694	-2112.927	282.2335	1.128653	0.1587088	4.05739
4758	-1835.596	-2118.019	282.4232	1.089804	0.1175309	4.05739
4764	-1842.68	-2125.801	283.1209	1.334916	0.1762857	3.391907
4770	-1859.512	-2141.232	281.7205	0.9724418	0.2526005	4.279744
4776	-1840.411	-2122.833	282.4212	1.059477	0.1639669	3.979566
4782	-1840.65	-2122.493	281.8432	1.146759	0.1878665	4.215235
4788	-1838.813	-2121.903	283.0903	1.122522	0.1971395	3.496126
4794	-1838.71	-2121.692	282.982	1.238731	0.1945311	3.496126
4800	-1835.08	-2118.685	283.6056	1.345427	0.2205202	3.019717
4806	-1820.381	-2103.389	283.0081	1.223022	0.2676548	3.372297
4812	-1815.509	-2097.99	282.4811	1.194665	0.2880691	3.666829
4818	-1821.259	-2104.392	283.1338	1.300428	0.155484	3.44508
4824	-1830.819	-2114.506	283.6865	1.449987	0.1467445	3.047957
4830	-1826.073	-2109.84	283.7666	1.369877	0.1467445	3.047957
4836	-1826.737	-2111.216	284.4787	1.451534	0.1206744	2.624826
4842	-1837.808	-2121.363	283.5551	1.164273	0.2237488	3.152524
4848	-1827.371	-2111.331	283.9598	1.377085	0.2237488	2.78111
4854	-1828.824	-2113.158	284.3343	1.509866	0.125142	2.667201
4860	-1838.193	-2120.163	281.9706	1.198031	0.1113656	4.267129
4866	-1830.213	-2109.996	279.7822	1.034579	0.1870431	5.429703
4872	-1830.238	-2114.243	284.005	1.449237	0.1870431	2.775428
4878	-1836.302	-2120.228	283.9257	1.369606	0.1984584	2.850921
4884	-1838.509	-2121.421	282.912	1.09048	0.1984584	3.616225
4890	-1839.165	-2122.12	282.9548	1.109561	0.2151806	3.55176
4896	-1849.788	-2132.515	282.727	1.336753	0.1930311	3.59019
4902	-1836.069	-2118.175	282.1059	1.253975	0.1564679	4.063051
4908	-1844.534	-2127.586	283.052	1.147205	0.1888547	3.5188
4914	-1849.427	-2132.28	282.8525	1.278471	0.2128891	3.51682
4920	-1846.285	-2129.636	283.3502	1.21786	0.2121439	3.261687
4926	-1859.404	-2140.194	280.7906	1.077237	0.1574939	4.901059
4932	-1840.566	-2121.206	280.6394	1.120981	0.1515323	4.972304
4938	-1835.374	-2117.308	281.9332	1.167385	0.1657035	4.19283
4944	-1838.095	-2120.08	281.9849	1.168384	0.1358563	4.222186
4950	-1824.517	-2107.942	283.425	1.2694	0.2008505	3.206575
4956	-1826.087	-2108.547	282.4596	1.286833	0.3430779	3.553765
4962	-1817.742	-2099.863	282.1214	1.359891	0.1617108	3.983561
4968	-1829.173	-2111.808	282.635	1.111423	0.234138	3.705479
4974	-1831.51	-2114.456	282.9455	1.226265	0.1769617	3.556573
4980	-1836.522	-2120.464	283.9421	1.304938	0.1604359	2.95317
4986	-1838.969	-2121.535	282.5664	1.181104	0.1954537	3.768883
4992	-1828.709	-2112.696	283.9869	1.249452	0.164217	2.951942
4998	-1850.774	-2131.856	281.0812	1.029504	0.1919728	4.703323
5004	-1846.962	-2129.172	282.2101	1.315808	0.1919728	3.902428
5010	-1834.771	-2118.37	283.5994	1.362234	0.2246611	3.00639
5016	-1826.943	-2109.843	282.9005	1.274258	0.2876509	3.376624
5022	-1825.449	-2106.443	280.9939	1.078029	0.2507763	4.632146
5028	-1831.31	-2113.092	281.7822	1.156325	0.1507174	4.313572
5034	-1838.018	-2121.242	283.224	1.237095	0.194278	3.355824
5040	-1819.526	-2102.948	283.4216	1.210131	0.1504106	3.33953
5046	-1822.745	-2106.706	283.9613	1.360742	0.1758213	2.877305
5052	-1834.006	-2118.093	284.087	1.356344	0.1645607	2.82608
5058	-1827.336	-2110.403	283.0672	1.26229	0.1803913	3.458241
5064	-1824.204	-2105.09	280.886	1.26229	0.1229809	4.814643
5070	-1823.387	-2106.073	282.6867	1.135672	0.1229809	3.868148
5076	-1822.049	-2104.609	282.5593	1.086878	0.1438023	3.924745
5082	-1809.645	-2091.316	281.6702	1.171074	0.2325248	4.225988
5088	-1804.32	-2087.039	282.719	1.269851	0.2072801	3.608955
5094	-1816.545	-2098.617	282.0717	1.339452	0.142982	4.060765
5100	-1824.962	-2107.722	282.7601	1.339452	0.1947999	3.566259
5106	-1824.914	-2107.515	282.601	1.214707	0.1947999	3.730723
5112	-1821.79	-2103.466	281.6758	1.051266	0.2554161	4.256269
5118	-1812.242	-2095.324	283.0821	1.177811	0.2479503	3.385017
5124	-1810.85	-2094.876	284.0259	1.210995	0.2053619	2.87387
5130	-1815.694	-2098.643	282.949	1.191648	0.2405559	3.466336
5136	-1829.421	-2111.121	281.6995	1.14632	0.242788	4.207707
5142	-1840.582	-2123.881	283.2993	1.371007	0.2491716	3.14078
5148	-1843.484	-2126.686	283.2022	1.369525	0.1896858	3.298997
5154	-1837.654	-2120.433	282.7787	1.034015	0.2042438	3.71613
5160	-1845.319	-2126.471	281.1521	1.18757	0.3911475	4.303766
5166	-1832.936	-2115.77	282.8339	1.177316	0.1948586	3.617451
5172	-1820.814	-2103.937	283.1229	1.265239	0.1808847	3.423
5178	-1836.896	-2121.609	284.7137	1.508567	0.1534208	2.366887
5184	-1831.332	-2115.633	284.3006	1.535531	0.1615924	2.591313
5190	-1842.752	-2126.715	283.9631	1.384736	0.1615924	2.890037
5196	-1823.304	-2106.448	283.1441	1.211389	0.1615924	3.478941
5202	-1821.936	-2105.583	283.6478	1.33728	0.230293	2.982976
5208	-1818.891	-2102.733	283.842	1.253839	0.2746639	2.846428
5214	-1819.305	-2102.344	283.0391	1.121205	0.1932619	3.53362
5220	-1827.928	-2110.922	282.9935	1.104759	0.1904865	3.574622
5226	-1840.199	-2123.769	283.5696	1.279834	0.1904865	3.133162
5232	-1845.999	-2128.339	282.3392	1.162444	0.1667841	3.96219
5238	-1838.678	-2120.265	281.5872	1.204113	0.1061005	4.49228
5244	-1831.41	-2114.736	283.3252	1.352281	0.2055849	3.208252
5250	-1833.775	-2118.241	284.4653	1.482254	0.3231087	2.245364
5256	-1830.231	-2114.653	284.4221	1.41481	0.1755163	2.562394
5262	-1839.7	-2123.804	284.1037	1.345812	0.1870326	2.77834
5268	-1832.8	-2116.629	283.8298	1.423642	0.1357915	3.001639
5274	-1837.574	-2122.361	284.7872	1.457313	0.1536984	2.352209
5280	-1833.923	-2117.736	283.8135	1.374343	0.1312932	3.050944
5286	-1833.351	-2117.751	284.4003	1.358169	0.1716811	2.61871
5292	-1839.645	-2123.302	283.657	1.306139	0.2927025	2.900411
5298	-1842.2	-2125.745	283.5449	1.23835	0.3173531	2.974545
5304	-1845.817	-2129.826	284.009	1.345319	0.2106715	2.793168
5310	-1840.027	-2123.839	283.8119	1.166371	0.2221451	3.000635
5316	-1835.172	-2118.67	283.4978	1.167097	0.3518515	3.000635
5322	-1832.432	-2117.14	284.7076	1.369308	0.2152313	2.335878
5328	-1843.957	-2128.172	284.2144	1.649757	0.09821234	2.721913
5334	-1837.328	-2118.916	281.5876	1.275845	0.07715639	4.523224
5340	-1841.782	-2122.4	280.618	1.328928	0.1138405	4.946875
5346	-1841.813	-2125.595	283.7825	1.369292	0.1096686	3.12288
5352	-1841.602	-2125.863	284.2613	1.365336	0.1725432	2.698169
5358	-1833.108	-2116.975	283.8663	1.409951	0.3008436	2.698169
5364	-1842.275	-2126.203	283.928	1.250628	0.2387036	2.852385
5370	-1833.493	-2116.915	283.4215	1.232389	0.1973227	3.23676
5376	-1834.522	-2115.539	281.0172	0.9705684	0.1773374	4.797613
5382	-1839.123	-2120.714	281.5912	1.004116	0.2491444	4.34004
5388	-1833.874	-2114.031	280.1571	1.006934	0.1876776	5.23703
5394	-1840.301	-2121.186	280.8856	0.9945963	0.1876776	4.839463
5400	-1827.909	-2108.478	280.5699	0.8864077	0.2040433	5.047758
5406	-1836.916	-2119.585	282.6685	1.002995	0.2153844	3.778894
5412	-1844.294	-2126.192	281.8981	1.255528	0.1761719	4.143249
5418	-1831.695	-2114.567	282.8721	1.314758	0.2364102	3.445846
5424	-1827.344	-2110.748	283.404	1.454343	0.1342355	3.24027
5430	-1838.051	-2122.392	284.341	1.198078	0.2250819	2.654933
5436	-1836.024	-2119.764	283.7394	1.318269	0.3005802	2.831962
5442	-1845.023	-2128.113	283.0898	1.171956	0.2330773	3.407319
5448	-1837.596	-2120.476	282.8797	1.198466	0.2325487	3.515459
5454	-1840.447	-2123.482	283.0351	1.194305	0.1330085	3.61122
5460	-1840.072	-2123.197	283.1249	1.356639	0.1211899	3.490723
5466	-1853.28	-2136.762	283.4821	1.213235	0.2350182	3.148373
5472	-1849.789	-2133.341	283.5516	1.303386	0.1213884	3.271144
5478	-1841.44	-2123.793	282.3533	1.393303	0.1756894	3.804937
5484	-1846.083	-2126.166	280.0828	0.9120044	0.2695639	5.2051
5490	-1842.285	-2123.599	281.3145	0.9349053	0.2685707	4.507004
5496	-1834.111	-2115.491	281.38	0.9647634	0.232081	4.507004
5502	-1838.934	-2119.337	280.4036	0.9350172	0.2230485	5.082726
5508	-1840.554	-2122.073	281.5197	1.020125	0.2308019	4.399117
5514	-1848.627	-2129.865	281.2375	1.074875	0.3230194	4.399358
5520	-1833.503	-2117.193	283.6899	1.300339	0.2319312	2.977149
5526	-1838.141	-2120.895	282.7535	1.263167	0.222433	3.567572
5532	-1846.543	-2130.674	284.1312	1.364696	0.1730543	2.777088
5538	-1854.658	-2138.775	284.1174	1.365964	0.176949	2.777088
5544	-1851.182	-2134.889	283.7078	1.478345	0.162182	2.986216
5550	-1845.83	-2127.547	281.7163	1.274181	0.1896823	4.211765
5556	-1847.831	-2128.847	281.0151	1.133157	0.1903744	4.685059
5562	-1847.414	-2128.689	281.2759	1.005199	0.2570786	4.505574
5568	-1854.767	-2135.376	280.6092	0.9264099	0.268364	4.906649
5574	-1835.711	-2118.237	282.5269	1.29676	0.2656093	3.613044
5580	-1833.403	-2115.322	281.9193	1.050142	0.2096561	4.189808
5586	-1828.221	-2110.211	281.9901	0.9557971	0.194096	4.229421
5592	-1835.343	-2117.283	281.94	1.169378	0.2605807	4.031353
5598	-1837.756	-2120.943	283.1866	1.293746	0.1929589	3.346887
5604	-1832.966	-2116.752	283.7867	1.335122	0.1702092	3.008882
5610	-1834.703	-2118.344	283.6415	1.331636	0.1730981	3.09218
5616	-1827.632	-2109.85	282.2186	1.233529	0.2785194	3.80924
5622	-1834.167	-2116.249	282.0813	1.150154	0.2011508	4.054941
5628	-1843.754	-2125.5	281.7453	1.165055	0.1939705	4.249747
5634	-1841.968	-2122.552	280.5832	0.9097035	0.2008996	5.032587
5640	-1822.648	-2104.953	282.3054	1.135065	0.1815918	3.969797
5646	-1828.343	-2110.619	282.2758	1.075796	0.2007126	3.98707
5652	-1830.202	-2113.174	282.9724	1.31669	0.1500442	3.540755
5658	-1823.63	-2108.073	284.443	1.42555	0.1500442	2.595784
5664	-1833.692	-2118.017	284.3255	1.541078	0.1500442	2.597051
5670	-1840.328	-2124.759	284.4309	1.479846	0.1972948	2.474027
5676	-1833.85	-2118.345	284.495	1.588206	0.1446286	2.474027
5682	-1827.665	-2112.024	284.359	1.496548	0.2161291	2.474027
5688	-1819.665	-2103.822	284.1574	1.348275	0.1725682	2.772143
5694	-1818.164	-2101.056	282.8923	1.340362	0.1542517	3.565105
5700	-1826.856	-2109.093	282.2363	1.259764	0.1317926	4.035722
5706	-1835.656	-2117.765	282.109	1.25069	0.1708472	4.035722
5712	-1837.427	-2119.728	282.3013	1.290373	0.100702	4.05176
5718	-1831.835	-2115.421	283.5858	1.351216	0.123048	3.218815
5724	-1836.06	-2118.519	282.459	1.129441	0.1626922	3.920302
5730	-1836.289	-2117.753	281.4642	1.255927	0.1640803	4.411155
5736	-1834.152	-2115.958	281.806	1.195593	0.167564	4.245453
5742	-1836.184	-2117.872	281.6879	1.110414	0.1609939	4.372858
5748	-1844.561	-2126.605	282.0444	1.196546	0.1750878	4.095558
5754	-1835.979	-2118.698	282.7187	1.144424	0.1276385	3.834503
5760	-1840.046	-2121.136	281.0902	1.033001	0.2198497	4.650469
5766	-1833.936	-2115.999	282.0628	0.9828292	0.1536842	4.247094
5772	-1833.763	-2114.604	280.8404	1.030216	0.1539366	4.906298
5778	-1822.983	-2105.206	282.2235	1.144149	0.1566003	4.058343
5784	-1823.333	-2106.29	282.9572	1.221237	0.1458832	3.613595
5790	-1829.522	-2114.653	285.1315	1.539873	0.2172242	1.944011
5796	-1836.852	-2121.917	285.0653	1.491442	0.1481014	2.164208
5802	-1839.752	-2123.651	283.8987	1.28114	0.2128398	2.895201
5808	-1834.989	-2116.63	281.6403	1.340532	0.1676341	4.257102
5814	-1835.442	-2117.335	281.8926	1.168028	0.1292423	4.288631
5820	-1846.737	-2127.773	281.0362	1.160559	0.229077	4.594787
5826	-1837.45	-2117.919	280.4682	0.938691	0.2308608	5.032804
5832	-1832.234	-2112.383	280.1488	0.8693872	0.2678466	5.194488
5838	-1824.16	-2103.516	279.356	1.088552	0.1758561	5.653736
5844	-1828.373	-2107.401	279.0281	1.052279	0.1254888	5.949592
5850	-1820.714	-2099.486	278.7718	0.9565415	0.2353666	5.949592
5856	-1820.996	-2102.147	281.1517	1.084523	0.2069756	4.607858
5862	-1820.447	-2101.767	281.3203	1.092257	0.1891951	4.538916
5868	-1827.84	-2111.091	283.2511	1.340116	0.2033719	3.263173
5874	-1837.632	-2120.703	283.0713	1.335172	0.1884238	3.398449
5880	-1811.746	-2093.332	281.5861	1.189323	0.1768791	4.356295
5886	-1827.612	-2110.731	283.1188	1.202138	0.1590379	3.50415
5892	-1826.743	-2109.794	283.0512	1.130104	0.203086	3.50415
5898	-1836.573	-2120.005	283.4321	1.226836	0.2285775	3.180411
5904	-1835.324	-2118.45	283.1258	1.32961	0.3098677	3.180411
5910	-1831.026	-2114.968	283.9419	1.236614	0.1572727	3.00083
5916	-1832.17	-2114.748	282.5783	1.084234	0.2049603	3.801467
5922	-1833.842	-2116.955	283.1125	1.133086	0.1454011	3.575627
5928	-1847.326	-2130.668	283.3422	1.327464	0.1670704	3.283845
5934	-1842.601	-2127.252	284.6515	1.570155	0.1471699	2.381178
5940	-1855.929	-2140.162	284.2327	1.457634	0.169761	2.664576
5946	-1853.606	-2137.878	284.2725	1.457634	0.2002999	2.581021
5952	-1833.262	-2116.638	283.3765	1.14973	0.2181231	3.276253
5958	-1834.709	-2118.307	283.5972	1.532719	0.2586909	2.85013
5964	-1835.707	-2120.648	284.9414	1.703017	0.109388	2.202605
5970	-1832.064	-2116.841	284.7773	1.779986	0.1369666	2.189889
5976	-1833.051	-2117.916	284.8651	1.621075	0.1422348	2.223444
5982	-1845.405	-2129.506	284.101	1.62024	0.1551863	2.675694
5988	-1843.841	-2126.877	283.0353	1.377204	0.1521609	3.46449
5994	-1849.036	-2132.571	283.5352	1.165983	0.2191974	3.170909
6000	-1857.425	-2139.142	281.7166	1.37051	0.1388069	4.253533
6006	-1846.047	-2129.721	283.674	1.270482	0.1643829	3.126314
6012	-1842.832	-2124.659	281.8274	1.199606	0.2186857	4.142389
6018	-1838.972	-2120.945	281.9724	1.107944	0.1563476	4.22222
6024	-1833.467	-2115.338	281.8712	1.085246	0.1268505	4.352716
6030	-1827.823	-2111.066	283.2431	1.487985	0.1179837	3.351938
6036	-1833.733	-2118.122	284.3895	1.392812	0.1125533	2.735584
6042	-1832.033	-2117.257	285.2244	1.697659	0.1499916	1.917763
6048	-1829.869	-2114.835	284.9661	1.598972	0.2212629	2.007501
6054	-1834.506	-2118.53	284.0243	1.451344	0.2591995	2.637901
6060	-1819.697	-2101.837	282.1392	1.218655	0.2255332	3.942585
6066	-1830.798	-2113.138	282.3405	1.210097	0.1589056	3.94934
6072	-1831.084	-2113.342	282.2582	1.222168	0.1589056	3.989483
6078	-1823.871	-2107.06	283.189	1.24499	0.1822774	3.39353
6084	-1833.64	-2116.425	282.7856	1.300443	0.1593752	3.640029
6090	-1840.78	-2123.602	282.8223	1.366149	0.2364325	3.444869
6096	-1826.315	-2111.528	285.2129	1.543037	0.2153699	1.89038
6102	-1839.92	-2125.04	285.1201	1.54298	0.1811421	2.02187
6108	-1829.101	-2112.99	283.889	1.512051	0.1720826	2.836763
6114	-1835.658	-2120.034	284.3764	1.640286	0.1355244	2.536275
6120	-1839.871	-2123.901	284.0293	1.443133	0.1535866	2.831094
6126	-1841.643	-2125.987	284.3444	1.347381	0.1535866	2.697158
6132	-1838.629	-2122.385	283.7561	1.347381	0.3038911	2.799465
6138	-1839.035	-2123.338	284.3033	1.415325	0.2303255	2.534717
6144	-1841.13	-2125.782	284.6524	1.415803	0.1510441	2.469246
6150	-1837.844	-2122.659	284.8156	1.441506	0.2091221	2.231829
6156	-1832.417	-2117.208	284.7906	1.513979	0.2321936	2.158933
6162	-1839.747	-2123.12	283.3722	1.341175	0.2545338	3.106863
6168	-1836.028	-2120.264	284.236	1.281737	0.1928979	2.725618
6174	-1839.431	-2123.355	283.9245	1.301352	0.1928979	2.903131
6180	-1837.424	-2122.407	284.9827	1.778406	0.1383959	2.053114
6186	-1830.57	-2115.45	284.8793	1.491718	0.2368694	2.107239
6192	-1827.28	-2111.976	284.6965	1.507479	0.1747467	2.333253
6198	-1830.674	-2115.145	284.4713	1.310417	0.1862333	2.575614
6204	-1830.325	-2113.867	283.5418	1.21452	0.2607622	3.071727
6210	-1839.166	-2118.96	279.7947	0.9155066	0.1470734	5.561162
6216	-1826.089	-2109.898	283.8092	1.291549	0.1480251	3.066603
6222	-1824.042	-2108.812	284.7697	1.421289	0.1509895	2.3921
6228	-1828.549	-2113.126	284.5764	1.267198	0.2019309	2.50739
6234	-1830.192	-2112.265	282.0729	1.210221	0.2358872	3.969127
6240	-1834.974	-2117.143	282.1688	1.102601	0.1650335	4.096967
6246	-1833.74	-2114.387	280.647	0.8854224	0.1986196	5.014422
6252	-1829.123	-2111.246	282.1231	1.1679	0.1699213	4.07661
6258	-1848.767	-2128.69	279.9231	0.9513708	0.3238362	5.201086
6264	-1837.024	-2119.703	282.6789	1.248213	0.3165871	3.482308
6270	-1824.504	-2107.904	283.4008	1.189871	0.1416684	3.381904
6276	-1841.704	-2124.42	282.7153	1.311538	0.265841	3.494485
6282	-1830.159	-2113.183	283.0235	1.261847	0.265841	3.343128
6288	-1827.134	-2109.388	282.2549	0.9744779	0.174415	4.103363
6294	-1822.913	-2104.269	281.3569	0.9085807	0.174415	4.647587
6300	-1824.128	-2106.967	282.8388	1.044884	0.1650561	3.745984
6306	-1829.396	-2111.946	282.5505	1.335975	0.1185236	3.841345
6312	-1820.396	-2103.202	282.8064	1.058736	0.1882239	3.713813
6318	-1819.601	-2103.241	283.64	1.277572	0.1716423	3.128076
6324	-1820.259	-2104.36	284.1008	1.295205	0.1716423	2.840647
6330	-1832.895	-2116.866	283.9713	1.366547	0.1900133	2.840647
6336	-1833.589	-2117.931	284.3421	1.530596	0.2062243	2.48122
6342	-1825.916	-2109.507	283.5911	1.17083	0.1592877	3.24473
6348	-1820.731	-2102.842	282.1109	1.174772	0.1478717	4.122315
6354	-1819.632	-2102.516	282.8835	1.178909	0.1525681	3.667233
6360	-1829.434	-2112.333	282.8986	1.152092	0.1559644	3.667233
6366	-1826.411	-2109.761	283.3497	1.262322	0.2488612	3.175918
6372	-1831.541	-2115.345	283.8045	1.26943	0.1514461	3.075455
6378	-1822.557	-2106.072	283.515	1.299049	0.2525973	3.049771
6384	-1826.766	-2112.225	285.4589	1.537621	0.2914788	1.582133
6390	-1826.134	-2111.827	285.6938	1.694224	0.2037637	1.463124
6396	-1830.98	-2116.507	285.5272	1.727001	0.2048543	1.560712
6402	-1839.9	-2125.33	285.4306	1.812411	0.2358455	1.504007
6408	-1838.794	-2123.452	284.6585	1.359617	0.182562	2.435111
6414	-1833.061	-2116.611	283.5506	1.248654	0.2042541	3.138302
6420	-1836.134	-2120.061	283.9271	1.359931	0.1823159	2.885987
6426	-1835.943	-2119.989	284.0458	1.350131	0.1495285	2.885987
6432	-1833.075	-2116.478	283.4029	1.35115	0.1495285	3.269312
6438	-1845.096	-2128.339	283.2436	1.459556	0.1124082	3.3814
6444	-1824.553	-2108.874	284.321	1.30636	0.1512794	2.741559
6450	-1819.426	-2103.537	284.1118	1.401255	0.1905729	2.73285
6456	-1828.705	-2112.975	284.2706	1.398934	0.2548708	2.524553
6462	-1820.935	-2104.888	283.9525	1.176803	0.1773162	2.990566
6468	-1844.562	-2126.801	282.2388	1.164515	0.2270173	3.914227
6474	-1840.819	-2125.427	284.608	1.388014	0.1419343	2.534562
6480	-1839.549	-2123.307	283.7585	1.345233	0.180248	3.000293
6486	-1836.4	-2120.415	284.0146	1.397021	0.1729021	2.828705
6492	-1838.89	-2122	283.1094	1.445244	0.1986797	3.292944
6498	-1842.049	-2125.711	283.6612	1.202171	0.2356627	3.047127
6504	-1839.047	-2122.962	283.9147	1.303052	0.1896864	2.913946
6510	-1842.086	-2123.973	281.8864	1.174044	0.1535097	4.23905
6516	-1837.409	-2118.915	281.5053	0.8880162	0.1874659	4.552697
6522	-1824.617	-2105.933	281.3166	1.144288	0.1874659	4.514742
6528	-1827.472	-2109.844	282.3721	1.104598	0.1880438	3.937539
6534	-1835.387	-2118.053	282.6652	1.163872	0.1775364	3.754003
6540	-1838.889	-2122.164	283.2751	1.292546	0.1775364	3.323886
6546	-1848.538	-2131.346	282.8083	1.163655	0.1441805	3.736621
6552	-1845.482	-2128.101	282.6199	1.116443	0.2109699	3.74886
6558	-1842.605	-2125.755	283.1495	1.225929	0.1738871	3.443548
6564	-1829.459	-2112.396	282.9366	1.063619	0.1738871	3.66188
6570	-1825.17	-2106.127	280.9566	0.9746621	0.2175022	4.761576
6576	-1827.553	-2110.36	282.8064	1.205417	0.1281035	3.747828
6582	-1828.726	-2111.706	282.9801	1.266815	0.1727858	3.520637
6588	-1831.486	-2116.157	284.6715	1.53728	0.1902213	2.299136
6594	-1834.702	-2119.363	284.6609	1.543704	0.1915611	2.299136
6600	-1829.312	-2110.654	281.3422	1.147033	0.1335854	4.601425
6606	-1838.415	-2117.916	279.5003	0.8477291	0.1822129	5.695534
6612	-1833.301	-2112.829	279.528	0.9752223	0.1148226	5.741208
6618	-1843.588	-2124.457	280.8681	0.94931	0.2096356	4.837725
6624	-1847.174	-2130.361	283.1874	1.23523	0.2059222	3.358024
6630	-1846.002	-2129.081	283.0793	1.072252	0.1876914	3.548671
6636	-1840.171	-2123.843	283.6726	1.184894	0.1575734	3.191636
6642	-1853.296	-2136.417	283.1214	1.264121	0.2512148	3.306166
6648	-1842.553	-2126.049	283.4964	1.215866	0.2012689	3.195224
6654	-1843.092	-2126.697	283.6055	1.374591	0.1879599	3.059892
6660	-1843.373	-2127.518	284.1447	1.408892	0.1993959	2.691569
6666	-1855.224	-2137.563	282.3393	1.053921	0.1496585	4.057482
6672	-1853.945	-2135.963	282.0175	1.158307	0.1931344	4.100426
6678	-1847.892	-2128.761	280.8688	1.043491	0.1623215	4.867209
6684	-1856.256	-2137.862	281.6054	0.9913353	0.1623215	4.483981
6690	-1875.737	-2158.2	282.4628	1.424154	0.12508	3.826418
6696	-1867.454	-2149.576	282.1223	1.278561	0.1248017	4.105109
6702	-1850.022	-2133.222	283.2	1.305043	0.1915145	3.334964
6708	-1846.525	-2129.491	282.9658	1.276868	0.1586825	3.55042
6714	-1848.965	-2131.177	282.2119	1.197941	0.1323061	4.083828
6720	-1829.482	-2111.851	282.3689	1.049826	0.1537509	4.034823
6726	-1825.143	-2106.6	281.4562	1.171849	0.1696793	4.452573
6732	-1832.563	-2113.068	280.5053	1.148586	0.268475	4.8406
6738	-1841.556	-2123.78	282.2233	1.138194	0.2552851	3.894823
6744	-1843.848	-2124.6	280.7525	1.081882	0.1609313	4.913165
6750	-1830.976	-2115.281	284.3051	1.472236	0.1889384	2.573133
6756	-1816.484	-2100.926	284.4416	1.410456	0.2220954	2.465613
6762	-1831.075	-2113.601	282.526	1.400505	0.1503805	3.750199
6768	-1828.862	-2110.187	281.3258	1.079108	0.3544384	4.308838
6774	-1825.613	-2106.458	280.8451	1.02022	0.2051598	4.818345
6780	-1830.017	-2108.828	278.8109	1.06067	0.2829237	5.804803
6786	-1822.241	-2105.862	283.6209	1.213254	0.1630424	3.194516
6792	-1829.584	-2112.65	283.0654	1.295903	0.1693137	3.460536
6798	-1836.431	-2120.1	283.6683	1.32389	0.1693137	3.088132
6804	-1844.493	-2127.675	283.1817	1.086303	0.2575017	3.365735
6810	-1843.926	-2125.126	281.1999	1.123793	0.1408738	4.679191
6816	-1842.275	-2125.456	283.1816	1.234152	0.1791982	3.409942
6822	-1853.078	-2136.602	283.5235	1.260558	0.3086776	2.985872
6828	-1851.98	-2136.161	284.1813	1.345557	0.2599008	2.605195
6834	-1851.546	-2136.244	284.6981	1.360739	0.1733847	2.427939
6840	-1849.374	-2133.488	284.114	1.32979	0.2641861	2.649716
6846	-1847.777	-2131.144	283.3666	1.187144	0.261775	3.190728
6852	-1830.636	-2114.082	283.4463	1.22432	0.1726096	3.272575
6858	-1844.327	-2128.261	283.9335	1.235428	0.1726096	2.975865
6864	-1844.202	-2128.379	284.1768	1.263703	0.1726096	2.811733
6870	-1853.451	-2135.499	282.048	1.191318	0.1973396	4.056953
6876	-1835.252	-2117.096	281.8442	1.039387	0.1460807	4.353848
6882	-1841.913	-2124.18	282.267	1.060775	0.2319914	3.949618
6888	-1834.829	-2119.708	284.8781	1.646567	0.177908	2.119922
6894	-1836.739	-2121.725	284.9853	1.591006	0.177908	2.086016
6900	-1837.192	-2121.585	284.3928	1.430489	0.1741323	2.573609
6906	-1829.917	-2114.616	284.6987	1.302955	0.1838089	2.442966
6912	-1828.26	-2112.401	284.1416	1.302955	0.1725407	2.809421
6918	-1823.002	-2106.414	283.4113	1.10356	0.2777752	3.1901
6924	-1833.721	-2115.542	281.8216	1.084182	0.2340339	4.187006
6930	-1833.186	-2115.204	282.0178	1.064539	0.1743959	4.187006
6936	-1850.555	-2131.276	280.7214	1.075323	0.1435645	4.967739
6942	-1845.826	-2127.042	281.2157	1.068917	0.1628324	4.658219
6948	-1847.912	-2129.412	281.5001	0.9654602	0.1829425	4.520046
6954	-1840.529	-2120.245	279.7161	1.059911	0.1718878	5.478674
6960	-1828.783	-2109.12	280.337	0.8425157	0.2252118	5.1675
6966	-1836.866	-2117.772	280.9066	1.015381	0.246683	4.722135
6972	-1835.886	-2119.696	283.8105	1.273927	0.1687288	3.034182
6978	-1831.522	-2113.744	282.2224	1.222822	0.1618403	4.003882
6984	-1831.536	-2114.76	283.2239	1.238121	0.265576	3.239358
6990	-1844.875	-2127.906	283.0313	1.111831	0.1795003	3.568502
6996	-1845.425	-2126.938	281.5135	1.111831	0.1408492	4.510002
7002	-1844.212	-2127.311	283.0993	1.29392	0.145712	3.488988
7008	-1846.539	-2129.639	283.0999	1.236204	0.1744756	3.465435
7014	-1834.319	-2117.552	283.2331	1.200814	0.1744756	3.408177
7020	-1845.38	-2128.168	282.7889	1.232622	0.1402139	3.716286
7026	-1860.341	-2142.397	282.0554	1.15625	0.2040993	4.061271
7032	-1857.109	-2138.39	281.2814	1.113794	0.1470951	4.626657
7038	-1860.716	-2140.569	279.8533	0.862947	0.1562643	5.540244
7044	-1848.953	-2130.686	281.7328	0.9716295	0.187976	4.376657
7050	-1843.104	-2123.833	280.7286	1.039449	0.2769341	4.765197
7056	-1846.198	-2127.428	281.2301	1.15113	0.133213	4.6627
7062	-1843.818	-2125.705	281.8873	1.203911	0.1651455	4.199177
7068	-1845.689	-2127.655	281.9663	1.197493	0.1441217	4.199177
7074	-1831.199	-2112.422	281.2229	1.141315	0.2082204	4.533965
7080	-1842.714	-2124.26	281.5458	0.9790614	0.1582224	4.532206
7086	-1842.525	-2124.734	282.2083	1.186081	0.1758254	4.006676
7092	-1835.225	-2118.565	283.3403	1.305613	0.1629928	3.305862
7098	-1831.5	-2114.115	282.615	1.321668	0.1230586	3.802253
7104	-1836.058	-2120.025	283.9666	1.438356	0.2680193	2.667698
7110	-1845.533	-2130.465	284.9323	1.494898	0.2124058	2.115196
7116	-1850.718	-2136.092	285.3738	1.705166	0.2538828	1.589959
7122	-1843.978	-2129.414	285.4363	1.676242	0.131105	1.834618
7128	-1843.437	-2128.797	285.3593	1.890427	0.1468116	1.698954
7134	-1834.942	-2120.188	285.2456	1.629629	0.105512	2.062221
7140	-1818.208	-2102.158	283.9496	1.486941	0.1471753	2.866439
7146	-1817.83	-2102.653	284.8228	1.427891	0.2024868	2.248479
7152	-1827.07	-2111.237	284.1666	1.274784	0.240432	2.689231
7158	-1826.426	-2106.813	280.3865	1.170439	0.1621662	5.065033
7164	-1840.627	-2122.348	281.7212	1.148767	0.2253637	4.220897
7170	-1839.519	-2124.209	284.6904	1.457462	0.2209072	2.280336
7176	-1836.349	-2120.778	284.4288	1.421172	0.1687868	2.567854
7182	-1833.331	-2116.179	282.8481	1.295201	0.1446298	3.63658
7188	-1825.317	-2108.167	282.8497	1.293623	0.1446298	3.63658
7194	-1834.317	-2117.013	282.6959	1.040262	0.1998197	3.767848
7200	-1823.026	-2105.665	282.6386	1.061759	0.2120039	3.767848
7206	-1825.1	-2108.103	283.0025	1.183047	0.2239751	3.466601
7212	-1831.631	-2114.525	282.8939	1.153213	0.2358932	3.528211
7218	-1825.69	-2109.822	284.1326	1.318036	0.1913283	2.769574
7224	-1829.921	-2113.59	283.6682	1.33193	0.2232969	2.98555
7230	-1816.86	-2101.291	284.4311	1.44478	0.2317521	2.43385
7236	-1825.573	-2109.897	284.324	1.498718	0.2502366	2.436151
7242	-1833.272	-2117.594	284.3225	1.543397	0.2382707	2.428958
7248	-1827.153	-2109.713	282.5602	1.28074	0.1587302	3.782896
7254	-1818.699	-2102.154	283.4544	1.371766	0.1398143	3.247223
7260	-1826.553	-2111.261	284.7077	1.435733	0.1750225	2.371127
7266	-1821.115	-2104.7	283.5849	1.306675	0.2236434	3.050066
7272	-1821.805	-2104.983	283.1787	1.198533	0.1862493	3.419499
7278	-1829.484	-2112.083	282.5994	1.198723	0.1726743	3.780868
7284	-1814.613	-2095.934	281.3206	1.140224	0.1847526	4.519518
7290	-1818.184	-2100.932	282.748	1.177459	0.2299977	3.608362
7296	-1823.452	-2107.284	283.8326	1.36158	0.1453554	3.01637
7302	-1831.092	-2115.207	284.115	1.36158	0.1453554	2.846093
7308	-1823.8	-2106.937	283.1375	1.210272	0.3365799	3.209033
7314	-1835.934	-2118.962	283.0279	1.435473	0.2712255	3.23016
7320	-1828.452	-2111.817	283.3651	1.439965	0.1523844	3.233293
7326	-1830.254	-2113.951	283.6971	1.255144	0.1377951	3.176891
7332	-1836.122	-2120.24	284.1179	1.363698	0.2134874	2.710409
7338	-1845.786	-2129.597	283.8105	1.159515	0.2626698	2.940614
7344	-1833.865	-2118.046	284.1804	1.415833	0.1420264	2.780627
7350	-1848.076	-2132.415	284.3389	1.46639	0.1420264	2.652504
7356	-1839.013	-2122.811	283.7984	1.43204	0.1420264	3.001758
7362	-1834.784	-2118.033	283.2482	1.318789	0.2161499	3.255518
7368	-1827.537	-2111.48	283.9435	1.187015	0.2006705	2.946478
7374	-1822.074	-2104.52	282.4459	1.335249	0.2312901	3.689894
7380	-1831.585	-2113.816	282.2309	1.140591	0.2312901	3.925688
7386	-1822.087	-2105.468	283.3802	1.164265	0.2436355	3.224095
7392	-1813.255	-2097.825	284.5705	1.347398	0.2403741	2.392603
7398	-1813.249	-2095.005	281.7557	1.21896	0.2403741	4.138185
7404	-1826.099	-2108.858	282.7593	1.175907	0.2844489	3.521189
7410	-1822.071	-2106.174	284.1034	1.296847	0.2844489	2.6458
7416	-1845.945	-2130.128	284.1829	1.261276	0.2665823	2.6458
7422	-1841.497	-2126.035	284.5384	1.435575	0.2031428	2.423349
7428	-1834.67	-2117.669	282.9987	1.437151	0.1972614	3.3654
7434	-1836.314	-2119.152	282.8379	1.157477	0.1476995	3.715856
7440	-1840.63	-2123.586	282.9564	1.307799	0.1830947	3.491403
7446	-1831.172	-2114.205	283.0333	1.126645	0.2207757	3.486776
7452	-1839.712	-2121.749	282.0372	1.005165	0.2369237	4.104925
7458	-1847.961	-2129.03	281.0683	1.043087	0.1528154	4.774248
7464	-1837.511	-2119.087	281.5761	0.9439553	0.2615936	4.364394
7470	-1832.595	-2114.486	281.891	1.054218	0.2196116	4.187348
7476	-1836.839	-2118.392	281.5523	1.191286	0.2981723	4.187348
7482	-1846.372	-2129.317	282.9456	1.281156	0.3058579	3.320961
7488	-1842.848	-2126.078	283.2309	1.15319	0.2585576	3.295874
7494	-1836.984	-2120.611	283.6269	1.312288	0.2585576	2.965511
7500	-1830.39	-2114.992	284.602	1.519424	0.1737412	2.387679
7506	-1836.063	-2119.281	283.2176	1.401574	0.1648018	3.317998
7512	-1841.194	-2124.449	283.2547	1.295983	0.151685	3.384567
7518	-1828.283	-2111.587	283.3047	1.264471	0.151685	3.373676
7524	-1832.28	-2115.428	283.1483	1.32507	0.1530932	3.426955
7530	-1833.924	-2117.826	283.9024	1.316513	0.160608	2.969755
7536	-1840.966	-2123.64	282.6742	1.230127	0.2438518	3.598847
7542	-1845.874	-2129.214	283.3399	1.369222	0.1765787	3.242258
7548	-1841.919	-2124.653	282.7343	1.285709	0.2879066	3.466897
7554	-1841.574	-2123.273	281.6991	1.122617	0.1714362	4.340056
7560	-1847.939	-2128.472	280.5338	1.195061	0.09958224	5.10064
7566	-1838.703	-2119.523	280.8202	1.194359	0.09958224	4.942023
7572	-1838.823	-2118.752	279.9281	1.16303	0.09958224	5.452896
7578	-1834.996	-2115.755	280.7591	1.271532	0.1272132	4.87118
7584	-1851.232	-2134.468	283.2352	1.341002	0.1254507	3.425738
7590	-1828.247	-2112.191	283.9439	1.346391	0.1964624	2.857583
7596	-1834.531	-2118.636	284.1051	1.273815	0.1937525	2.808737
7602	-1826.932	-2111.285	284.3524	1.439774	0.1943754	2.553572
7608	-1825.005	-2108.309	283.3041	1.196966	0.2024392	3.31791
7614	-1834.702	-2116.345	281.6427	1.024985	0.2022297	4.372959
7620	-1863.121	-2145.006	281.8849	0.9502023	0.2003462	4.281525
7626	-1849.769	-2129.756	279.9873	0.9347875	0.1897392	5.367109
7632	-1848.998	-2131.693	282.6951	1.182716	0.1879612	3.706924
7638	-1851.224	-2134.08	282.8567	1.1859	0.3567637	3.363798
7644	-1850.074	-2133.219	283.1448	1.207237	0.2667461	3.302484
7650	-1841.7	-2126.292	284.5913	1.439423	0.1942003	2.404496
7656	-1842.496	-2126.181	283.6848	1.322075	0.2211582	2.985143
7662	-1853.663	-2134.116	280.4529	0.9354567	0.3784109	4.851966
7668	-1858.424	-2138.59	280.1659	1.019096	0.198612	5.206993
7674	-1844.242	-2126.765	282.5228	1.240661	0.203958	3.745015
7680	-1854.44	-2137.664	283.2241	1.283917	0.2115998	3.298027
7686	-1831.4	-2113.33	281.9304	1.016452	0.1932629	4.230294
7692	-1835.915	-2118.248	282.3332	1.247319	0.1264407	3.999085
7698	-1851.009	-2133.328	282.3187	1.211571	0.1399134	3.999085
7704	-1837.451	-2120.662	283.2106	1.282852	0.1799593	3.362936
7710	-1860.218	-2142.703	282.4854	1.190412	0.2538222	3.716091
7716	-1842.551	-2125.869	283.3187	1.409821	0.1564728	3.27015
7722	-1835.115	-2118.467	283.3516	1.147364	0.178285	3.36283
7728	-1839.789	-2122.263	282.4739	1.295439	0.20532	3.739296
7734	-1841.472	-2124.757	283.2845	1.375881	0.1395759	3.345421
7740	-1836.724	-2120.084	283.3593	1.286966	0.1524429	3.326803
7746	-1837.751	-2121.834	284.0837	1.21537	0.1524429	2.938366
7752	-1846.359	-2130.728	284.3693	1.300813	0.2136253	2.593977
7758	-1832.289	-2116.597	284.3087	1.5534	0.2224868	2.458597
7764	-1828.861	-2111.622	282.7605	1.347043	0.2033528	3.5467
7770	-1827.121	-2110.062	282.9406	1.306904	0.1576605	3.549649
7776	-1843.215	-2125.903	282.688	1.297614	0.2968502	3.474611
7782	-1829.608	-2112.095	282.4869	1.296107	0.1577319	3.818255
7788	-1834.126	-2115.893	281.7671	1.296107	0.1507573	4.242903
7794	-1844.418	-2126.485	282.0672	1.192437	0.1565887	4.119912
7800	-1836.796	-2120.456	283.6599	1.310263	0.1367944	3.168452
7806	-1842.293	-2125.815	283.5217	1.356955	0.1628665	3.168452
7812	-1842.091	-2125.011	282.9201	1.26727	0.134894	3.631534
7818	-1823.936	-2106.784	282.8484	1.128086	0.1826795	3.659399
7824	-1818.416	-2101.718	283.3028	1.262342	0.2944953	3.136391
7830	-1819.176	-2101.934	282.7578	1.158421	0.1688245	3.720015
7836	-1830.542	-2111.896	281.354	1.17732	0.1451777	4.554091
7842	-1830.666	-2110.619	279.9526	0.9166286	0.1618517	5.445658
7848	-1829.928	-2110.989	281.0611	0.8573589	0.234812	4.74182
7854	-1839.557	-2120.379	280.8225	1.02444	0.2620896	4.74182
7860	-1848.286	-2128.398	280.1114	1.121093	0.1518284	5.264256
7866	-1845.892	-2128.819	282.9273	1.1428	0.3065056	3.412096
7872	-1840.085	-2122.222	282.137	1.297658	0.1134667	4.111231
7878	-1857.548	-2138.964	281.4161	1.002197	0.2213576	4.482417
7884	-1837.822	-2121.271	283.4493	1.173169	0.1894202	3.269554
7890	-1833.186	-2116.795	283.6091	1.275953	0.1903303	3.112206
7896	-1839.404	-2122.282	282.8787	1.31697	0.3740295	3.252802
7902	-1835.02	-2117.827	282.8074	1.176592	0.2822405	3.495889
7908	-1853.616	-2135.782	282.166	1.127549	0.1700484	4.074914
7914	-1855.715	-2137.184	281.4685	1.06269	0.3885415	4.19817
7920	-1855.71	-2140.09	284.3796	1.431554	0.1768273	2.57576
7926	-1848.924	-2133.013	284.0892	1.298795	0.2648288	2.683103
7932	-1838.76	-2122.609	283.8497	1.345991	0.1493173	3.007067
7938	-1841.674	-2126.264	284.5903	1.345991	0.1493173	2.555394
7944	-1838.154	-2122.838	284.6836	1.521086	0.177155	2.327895
7950	-1838.581	-2122.497	283.9155	1.28937	0.2102982	2.884519
7956	-1842.204	-2124.336	282.1321	1.322034	0.1120764	4.103353
7962	-1827.892	-2110.546	282.6546	1.128497	0.2040868	3.733481
7968	-1837.023	-2118.842	281.8192	1.188251	0.1883412	4.20451
7974	-1824.551	-2105.493	280.9425	1.089877	0.1966254	4.739266
7980	-1813.637	-2094.626	280.9889	1.01648	0.1909431	4.763962
7986	-1836.495	-2117.853	281.3581	1.179763	0.2558619	4.362614
7992	-1835.306	-2118.698	283.3918	1.100751	0.2462299	3.250745
7998	-1817.867	-2100.84	282.9723	1.239298	0.2864354	3.35673
8004	-1838.507	-2122.159	283.6524	1.324669	0.2183572	3.00776
8010	-1837.804	-2123.002	285.1976	1.628078	0.2099993	1.853343
8016	-1838.394	-2122.471	284.0767	1.398731	0.2552458	2.644293
8022	-1832.575	-2115.219	282.6445	1.259472	0.1573962	3.749214
8028	-1832.568	-2111.652	279.0841	0.938078	0.2870021	5.71697
8034	-1841.022	-2120.384	279.3613	0.8131362	0.2278167	5.71697
8040	-1856.409	-2137.272	280.8636	1.011271	0.143224	4.924939
8046	-1852.421	-2131.658	279.2361	1.011027	0.1897983	5.737883
8052	-1842.782	-2125.364	282.5819	1.369748	0.1897983	3.660925
8058	-1852.778	-2135.478	282.7	1.257955	0.2152656	3.613479
8064	-1845.346	-2127.554	282.2084	1.279282	0.2525999	3.826372
8070	-1831.293	-2115.644	284.3512	1.447873	0.1457926	2.648008
8076	-1833.54	-2117.405	283.8648	1.14651	0.1933878	3.031251
8082	-1833.832	-2115.229	281.3971	1.174321	0.1933878	4.442259
8088	-1843.531	-2126.205	282.6739	1.091226	0.2099747	3.733887
8094	-1838.378	-2121.832	283.4538	1.225678	0.1962257	3.223586
8100	-1844.134	-2129.093	284.9583	1.643553	0.1515002	2.127019
8106	-1834.898	-2120.272	285.3745	1.688884	0.1515002	1.817689
8112	-1832.412	-2117.502	285.0903	2.037461	0.1055974	1.892944
8118	-1830.937	-2116.259	285.3217	1.606191	0.1606862	1.888858
8124	-1840.289	-2125.801	285.512	1.658351	0.1225753	1.817194
8130	-1839.434	-2124.752	285.318	1.651754	0.1125105	1.980452
8136	-1843.543	-2127.918	284.3757	1.337263	0.2378963	2.525436
8142	-1831.255	-2114.833	283.5777	1.352512	0.1768497	3.110503
8148	-1834.087	-2117.707	283.6205	1.352512	0.1637861	3.110503
8154	-1825.237	-2108.66	283.4237	1.212468	0.1750793	3.288175
8160	-1844.287	-2127.536	283.2497	1.343355	0.293047	3.121827
8166	-1834.253	-2116.612	282.3591	1.202137	0.1814169	3.900963
8172	-1840.527	-2122.501	281.9737	1.167401	0.1411544	4.218079
8178	-1831.419	-2113.269	281.8495	1.05452	0.1958456	4.250122
8184	-1836.023	-2117.945	281.9223	1.156584	0.142734	4.250122
8190	-1827.487	-2109.231	281.7432	1.00883	0.2098532	4.312698
8196	-1837.011	-2120.077	283.0655	1.21632	0.2403763	3.383992
8202	-1826.63	-2110.654	284.024	1.357593	0.2034892	2.789358
8208	-1830.082	-2111.501	281.4185	1.236743	0.1713935	4.434122
8214	-1828.513	-2109.963	281.4504	1.235687	0.1620617	4.434122
8220	-1827.366	-2108.183	280.8172	1.19471	0.1706009	4.796308
8226	-1823.76	-2103.268	279.5081	0.9941468	0.1397568	5.689719
8232	-1826.741	-2106.846	280.1053	0.9448686	0.211219	5.26102
8238	-1846.681	-2128.893	282.2128	1.140267	0.1307691	4.119442
8244	-1844.43	-2124.647	280.217	0.9468406	0.2599418	5.12495
8250	-1838.96	-2119.421	280.4603	0.8531275	0.2052867	5.12495
8256	-1829.248	-2110.343	281.0949	0.8709541	0.2052867	4.761986
8262	-1825.186	-2106.48	281.2946	1.158917	0.2052867	4.488588
8268	-1816.741	-2100.071	283.3299	1.234731	0.179349	3.322245
8274	-1839.239	-2122.268	283.0293	1.284487	0.1371429	3.553328
8280	-1823.966	-2105.311	281.3453	0.960636	0.180297	4.614377
8286	-1819.324	-2103.533	284.2093	1.284611	0.1963173	2.73388
8292	-1821.765	-2106.263	284.4981	1.293604	0.1443076	2.655825
8298	-1830.11	-2113.669	283.5584	1.293604	0.1720879	3.166209
8304	-1839.928	-2123.691	283.7627	1.35821	0.2202179	2.918055
8310	-1845.614	-2126.685	281.0709	1.01145	0.2542932	4.621196
8316	-1838.123	-2119.143	281.0197	1.136083	0.1950344	4.672917
8322	-1834.208	-2115.57	281.362	1.119685	0.1680617	4.537913
8328	-1827.189	-2109.052	281.8633	1.039178	0.1992049	4.245272
8334	-1827.513	-2109.211	281.6977	1.205939	0.2076639	4.230434
8340	-1841.55	-2124.329	282.7792	1.114178	0.2070886	3.664625
8346	-1838.152	-2120.711	282.5588	1.158841	0.1425121	3.886434
8352	-1837.275	-2120.451	283.1757	1.301476	0.1576657	3.415516
8358	-1832.394	-2114.672	282.2777	1.228665	0.1262535	4.041838
8364	-1837.558	-2120.894	283.336	1.3856	0.4110703	2.89549
8370	-1819.275	-2102.894	283.6193	1.356063	0.1531405	3.130702
8376	-1831.204	-2115.469	284.2647	1.527239	0.1762108	2.588884
8382	-1833.755	-2117.152	283.3966	1.228349	0.1537716	3.336685
8388	-1826.224	-2109.935	283.7118	1.483543	0.1482899	3.009441
8394	-1828.381	-2113.017	284.6361	1.596715	0.1610114	2.343723
8400	-1833.25	-2117.651	284.4002	1.507742	0.1232498	2.632439
8406	-1831.5	-2114.141	282.6414	1.150291	0.2028692	3.730599
8412	-1827.158	-2109.873	282.7151	1.206885	0.1796779	3.696387
8418	-1818.422	-2101.764	283.3425	1.254343	0.2044331	3.257974
8424	-1838.423	-2122.645	284.2218	1.297167	0.1769566	2.755362
8430	-1836.428	-2118.373	281.9452	1.284605	0.2031362	4.052512
8436	-1847.738	-2130.841	283.1027	1.362595	0.1686611	3.400912
8442	-1833.413	-2117.19	283.7771	1.405583	0.1322668	3.051798
8448	-1855.549	-2138.711	283.1617	1.260268	0.144723	3.474281
8454	-1852.71	-2137.676	284.9654	1.80444	0.1806748	1.951552
8460	-1844.557	-2129.172	284.6144	1.688153	0.1216604	2.389849
8466	-1844.286	-2127.865	283.5791	1.461237	0.1772687	3.043955
8472	-1840.362	-2124.939	284.5767	1.530555	0.1567348	2.432321
8478	-1841.916	-2125.034	283.1179	1.276187	0.1849355	3.412033
8484	-1821.905	-2105.22	283.3146	1.261347	0.1317133	3.412033
8490	-1827.86	-2110.926	283.0655	1.296511	0.1953878	3.412033
8496	-1828.972	-2112.263	283.2907	1.245105	0.1474117	3.402047
8502	-1828.294	-2112.941	284.6471	1.495454	0.1507431	2.423171
8508	-1820.789	-2105.115	284.3254	1.453433	0.2223857	2.510946
8514	-1826.037	-2109.738	283.7015	1.373783	0.2798269	2.851233
8520	-1830.301	-2114.973	284.6722	1.480994	0.1401564	2.440197
8526	-1844.503	-2128.558	284.0546	1.480994	0.1069965	2.899341
8532	-1837.876	-2121.111	283.2346	1.08794	0.207954	3.413216
8538	-1839.346	-2120.828	281.4818	1.129651	0.1719915	4.45765
8544	-1834.119	-2116.786	282.6664	1.003161	0.2039509	3.799165
8550	-1857.928	-2140.976	283.0478	1.266583	0.1412446	3.54427
8556	-1842.192	-2124.876	282.6841	1.160646	0.2127474	3.683245
8562	-1838.492	-2121.049	282.5563	1.176395	0.2360176	3.710444
8568	-1841.107	-2124.408	283.3005	1.192324	0.184909	3.354202
8574	-1855.425	-2139.298	283.8727	1.197381	0.1580326	3.064209
8580	-1855.024	-2137.529	282.5055	1.449817	0.1436207	3.747414
8586	-1859.874	-2141.734	281.8601	1.113951	0.3951261	3.938356
8592	-1837.723	-2120.033	282.31	1.111459	0.2058827	3.938356
8598	-1842.542	-2124.854	282.3124	1.107918	0.2062634	3.938356
8604	-1842.4	-2124.967	282.5668	1.052179	0.2206447	3.800531
8610	-1851.735	-2132.197	280.462	1.084465	0.3480978	4.798548
8616	-1847.694	-2129.929	282.2354	0.9489903	0.2167067	4.055944
8622	-1839.104	-2122.282	283.1779	1.241203	0.2049901	3.361711
8628	-1846.575	-2130.204	283.629	1.389519	0.2294016	2.964311
8634	-1855.014	-2138.325	283.3111	1.301928	0.4253688	2.944848
8640	-1857.232	-2140.093	282.8606	1.031643	0.2357936	3.618411
8646	-1859.607	-2141.834	282.2267	1.159901	0.2072745	3.955982
8652	-1854.517	-2135.347	280.8298	1.06138	0.1624878	4.878636
8658	-1847.458	-2130.077	282.6198	1.267367	0.1494241	3.774838
8664	-1836.14	-2118.541	282.401	1.248644	0.1307462	3.950187
8670	-1831.245	-2113.978	282.7334	1.11757	0.1443536	3.80604
8676	-1830.511	-2113.901	283.3897	1.19834	0.1726673	3.321099
8682	-1820.705	-2103.376	282.6716	1.099865	0.1828555	3.777511
8688	-1828.253	-2111.558	283.3046	1.228268	0.1293869	3.442379
8694	-1836.626	-2120.238	283.6114	1.364236	0.2609091	2.939956
8700	-1837.641	-2120.959	283.3179	1.138393	0.1640834	3.415068
8706	-1846.588	-2129.567	282.9794	1.219485	0.1594059	3.574452
8712	-1849.846	-2132.039	282.1925	1.0842	0.1540866	4.115103
8718	-1860.518	-2143.302	282.784	1.291463	0.1737144	3.618626
8724	-1856.481	-2138.137	281.6569	1.231364	0.1448757	4.353671
8730	-1836.759	-2116.797	280.0379	0.9977299	0.1157049	5.446976
8736	-1827.758	-2110.239	282.4816	1.071041	0.1841118	3.901037
8742	-1858.043	-2139.462	281.4184	1.202162	0.1896163	4.421075
8748	-1834.961	-2117.691	282.7294	1.252949	0.1592332	3.700327
8754	-1838.232	-2121.598	283.366	1.291345	0.1649569	3.295238
8760	-1839.207	-2122.323	283.116	1.214243	0.19155	3.437447
8766	-1831.446	-2113.003	281.557	1.222863	0.1950747	4.321721
8772	-1846.589	-2130.777	284.1883	1.269232	0.2798049	2.617365
8778	-1829.7	-2112.93	283.2299	1.257841	0.1895589	3.34865
8784	-1839.171	-2124.219	285.047	1.430585	0.1981313	2.109681
8790	-1847.991	-2131.691	283.7006	1.23809	0.2062684	3.051608
8796	-1841.737	-2125.245	283.5084	1.22657	0.1559319	3.267442
8802	-1842.456	-2126.759	284.3027	1.41732	0.1243083	2.745354
8808	-1849.71	-2134.972	285.2612	1.664188	0.1305594	1.963056
8814	-1831.721	-2116.741	285.0196	1.717791	0.1855352	1.963056
8820	-1843.107	-2127.905	284.7976	1.579714	0.1146041	2.360172
8826	-1841.202	-2124.795	283.5925	1.208155	0.2457224	3.068547
8832	-1842.18	-2127.052	284.8729	1.508555	0.1544011	2.263229
8838	-1831.795	-2115.905	284.1094	1.438347	0.1661817	2.759264
8844	-1840.671	-2124.584	283.9124	1.494993	0.1357717	2.908986
8850	-1835.978	-2119.842	283.8637	1.284708	0.2087152	2.921369
8856	-1847.073	-2131.311	284.2384	1.504408	0.1786613	2.61446
8862	-1836.513	-2120.466	283.9531	1.366624	0.1576044	2.915167
8868	-1836.541	-2121.071	284.5301	1.586388	0.119196	2.512763
8874	-1842.362	-2126.683	284.3205	1.415108	0.2163053	2.548608
8880	-1831.897	-2116.704	284.8066	1.323855	0.2304356	2.274521
8886	-1835.278	-2119.369	284.091	1.257047	0.159546	2.894063
8892	-1848.237	-2131.615	283.3776	1.162311	0.180048	3.335486
8898	-1839.925	-2122.805	282.8794	1.356487	0.295936	3.329134
8904	-1844.288	-2127.221	282.933	1.264787	0.1385395	3.617724
8910	-1817.168	-2100.609	283.441	1.268158	0.1510482	3.292671
8916	-1833.354	-2116.467	283.1127	1.275784	0.1885797	3.40871
8922	-1825.336	-2109.337	284.0016	1.513463	0.1055639	2.915297
8928	-1827.499	-2112.17	284.6707	1.334212	0.2208786	2.371417
8934	-1826.466	-2111.054	284.5886	1.424431	0.2013514	2.402075
8940	-1834.153	-2118.485	284.3314	1.476593	0.2946882	2.375919
8946	-1831.295	-2116.261	284.9659	1.400537	0.233824	2.115663
8952	-1823.015	-2105.96	282.945	1.289135	0.1761457	3.521808
8958	-1824.029	-2106.937	282.9079	1.188906	0.1482689	3.656051
8964	-1835.114	-2116.636	281.5226	1.002182	0.2563589	4.36928
8970	-1843.231	-2126.333	283.1019	1.234609	0.2377142	3.356091
8976	-1840.049	-2122.828	282.7788	1.236132	0.1281375	3.745952
8982	-1833.431	-2114.664	281.2322	0.9848711	0.1843168	4.657038
8988	-1823.605	-2104.67	281.0655	0.9649523	0.1843168	4.761465
8994	-1834.817	-2117.827	283.0107	1.176441	0.1988198	3.508179
9000	-1824.784	-2108.045	283.2614	1.377741	0.2144275	3.21574
9006	-1830.452	-2112.979	282.5272	1.119669	0.1810931	3.852377
9012	-1849.137	-2133.332	284.1953	1.243772	0.2290959	2.709548
9018	-1843.371	-2125.421	282.0493	1.03836	0.1423678	4.245929
9024	-1851.685	-2132.324	280.6388	1.03836	0.2824688	4.80841
9030	-1854.223	-2135.367	281.1436	0.9935456	0.308079	4.517004
9036	-1851.745	-2133.512	281.7666	1.141358	0.3943708	3.977002
9042	-1856.556	-2137.233	280.6768	1.004932	0.291322	4.793989
9048	-1833.833	-2115.71	281.8772	1.081392	0.1657523	4.273241
9054	-1844.673	-2123.494	278.8207	0.8340836	0.1870684	6.066073
9060	-1838.765	-2117.595	278.8301	0.824657	0.1870684	6.066073
9066	-1817.547	-2100.104	282.5566	0.9246217	0.2031065	3.908826
9072	-1814.351	-2096.756	282.4053	1.022316	0.2089856	3.929625
9078	-1818.31	-2101.582	283.2719	1.290075	0.1928049	3.299128
9084	-1828.354	-2112.281	283.9267	1.193854	0.2076305	2.940117
9090	-1840.522	-2122.895	282.3733	1.248443	0.2099868	3.816487
9096	-1848.091	-2130.322	282.2312	1.368464	0.1958484	3.853323
9102	-1838.621	-2122.067	283.4459	1.285871	0.1710554	3.23942
9108	-1847.267	-2129.98	282.713	1.367995	0.3924438	3.298881
9114	-1855.491	-2136.937	281.4464	1.196198	0.2326876	4.338172
9120	-1845.022	-2127.132	282.1097	0.9618208	0.2142689	4.124227
9126	-1836.365	-2117.438	281.0727	1.177315	0.2142689	4.588306
9132	-1830.126	-2110.857	280.731	0.8893714	0.2200051	4.930951
9138	-1820.362	-2102.249	281.887	1.182161	0.1560453	4.229169
9144	-1824.853	-2105.95	281.0969	1.088514	0.1471908	4.7439
9150	-1836.46	-2118.785	282.3254	1.056694	0.2716655	3.859227
9156	-1842.047	-2125.218	283.1702	1.207384	0.177813	3.43489
9162	-1838.441	-2122.493	284.0522	1.245206	0.1695389	2.904506
9168	-1846.821	-2131	284.1789	1.468312	0.1297923	2.777032
9174	-1850.406	-2134.535	284.1293	1.475386	0.1277738	2.807576
9180	-1829.618	-2113.607	283.9889	1.427822	0.1821806	2.807576
9186	-1823.913	-2108.232	284.3197	1.393882	0.1644417	2.661082
9192	-1831.215	-2115.536	284.321	1.463404	0.1644417	2.617403
9198	-1831.584	-2115.471	283.8876	1.436044	0.1512335	2.926078
9204	-1829.342	-2113.048	283.706	1.294253	0.1211731	3.185687
9210	-1847.507	-2130.481	282.9743	1.269434	0.2371864	3.411349
9216	-1849.327	-2131.019	281.6929	0.9994551	0.1663698	4.422516
9222	-1844.742	-2124.546	279.804	1.167834	0.171524	5.371469
9228	-1842.349	-2124.672	282.3229	1.118955	0.1538948	4.021321
9234	-1844.594	-2125.983	281.3898	1.057091	0.2114653	4.48217
9240	-1847.029	-2128.211	281.182	1.190742	0.1665547	4.60189
9246	-1838.787	-2121.723	282.9351	1.317287	0.2200541	3.43395
9252	-1831.128	-2113.122	281.9943	1.180504	0.2079939	4.075714
9258	-1836.923	-2119.692	282.7691	1.240268	0.2513878	3.526257
9264	-1836.279	-2120.009	283.7302	1.439285	0.2422795	2.852122
9270	-1820.764	-2104.085	283.3207	1.324678	0.1690617	3.294276
9276	-1829.196	-2112.466	283.27	1.221672	0.2195467	3.294276
9282	-1836.626	-2119.088	282.4623	1.341273	0.1659818	3.790416
9288	-1843.678	-2125.266	281.5882	1.143201	0.1789693	4.377354
9294	-1842.545	-2124.049	281.5048	1.055248	0.1957183	4.44472
9300	-1837.726	-2118.571	280.8444	0.9807363	0.3067078	4.693799
9306	-1821.922	-2104.32	282.398	1.156775	0.2189291	3.840285
9312	-1822.296	-2105.607	283.3103	1.253486	0.1564105	3.367283
9318	-1829.141	-2112.787	283.6467	1.171584	0.1564105	3.217215
9324	-1820.268	-2103.475	283.2069	1.237538	0.2304941	3.304117
9330	-1830.046	-2113.593	283.5476	1.227603	0.2109594	3.140941
9336	-1828.538	-2110.988	282.4504	0.9774188	0.2109594	3.926258
9342	-1839.093	-2120.965	281.8716	1.09246	0.1571332	4.286558
9348	-1835.09	-2115.244	280.154	0.9406465	0.1704536	5.305665
9354	-1831.775	-2114.145	282.3698	0.9756257	0.1689808	4.04734
9360	-1829.554	-2112.241	282.6862	1.212318	0.2077453	3.660523
9366	-1832.906	-2112.704	279.7978	1.008739	0.2077453	5.401021
9372	-1847.112	-2127.792	280.6802	0.9228728	0.2333031	4.920046
9378	-1832.122	-2110.46	278.3381	0.7908742	0.2831877	6.209487
9384	-1835.467	-2118.275	282.8081	1.226769	0.158431	3.671552
9390	-1841.54	-2124.47	282.93	1.251468	0.1711952	3.561755
9396	-1848.774	-2132.141	283.3664	1.262426	0.3093817	3.077887
9402	-1850.665	-2133.486	282.8204	1.11613	0.1649597	3.715664
9408	-1845.255	-2128.124	282.8698	1.033885	0.22753	3.624931
9414	-1840.41	-2124.577	284.1666	1.297571	0.1623644	2.817936
9420	-1849.808	-2131.917	282.1091	1.171756	0.1444967	4.131916
9426	-1849.404	-2132.354	282.9501	1.265126	0.23489	3.431676
9432	-1847.071	-2131.342	284.2709	1.381563	0.2013518	2.627093
9438	-1840.66	-2125.465	284.8052	1.484912	0.2013518	2.225276
9444	-1844.964	-2129.54	284.5762	1.378676	0.2013518	2.438708
9450	-1847.448	-2132.614	285.1659	1.576702	0.1458137	2.047649
9456	-1848.664	-2133.747	285.083	1.376978	0.2313644	2.058599
9462	-1840.682	-2126.066	285.3833	1.477505	0.1555928	1.945964
9468	-1837.096	-2121.579	284.4831	1.360648	0.1674264	2.574546
9474	-1838.852	-2123.013	284.1601	1.360648	0.15546	2.797752
9480	-1831.469	-2115.008	283.539	1.286394	0.1614188	3.202932
9486	-1823.114	-2107.428	284.3142	1.482292	0.156259	2.627027
9492	-1829.651	-2114.343	284.6929	1.472341	0.156259	2.396787
9498	-1834.174	-2118.751	284.5777	1.607231	0.1109233	2.490651
9504	-1826.582	-2110.346	283.7641	1.260187	0.1670397	3.073483
9510	-1821.779	-2105.393	283.6142	1.262644	0.1847444	3.127444
9516	-1834.17	-2117.843	283.6732	1.233021	0.1754768	3.127444
9522	-1828.323	-2111.547	283.2242	1.139909	0.175141	3.447819
9528	-1839.521	-2123.043	283.5224	1.26274	0.1454589	3.259424
9534	-1848.315	-2130.046	281.7315	1.377593	0.1189094	4.283786
9540	-1848.916	-2130.889	281.9731	1.031347	0.2415033	4.119523
9546	-1842.044	-2123.702	281.6587	1.012734	0.1903756	4.391064
9552	-1841.802	-2124.494	282.692	1.223916	0.1903756	3.680593
9558	-1832.993	-2115.104	282.1103	1.072586	0.2093093	4.068928
9564	-1839.334	-2122.804	283.4701	1.252087	0.2093093	3.175322
9570	-1834.123	-2115.789	281.6657	1.160942	0.217547	4.257912
9576	-1837.983	-2121.102	283.1182	1.165532	0.1802306	3.48524
9582	-1844.631	-2128.939	284.3077	1.321996	0.180261	2.681082
9588	-1841.526	-2126.33	284.8044	1.545961	0.1576958	2.275927
9594	-1841.212	-2124.81	283.5983	1.293283	0.1938965	3.101855
9600	-1834.406	-2118.019	283.6128	1.438996	0.1451603	3.101855
9606	-1830.271	-2115.26	284.9892	1.579343	0.1431791	2.167921
9612	-1842.239	-2127.023	284.7837	1.406023	0.2709874	2.167921
9618	-1834.122	-2118.705	284.5824	1.353416	0.1564769	2.540204
9624	-1842.374	-2125.711	283.3364	1.319296	0.1720892	3.282378
9630	-1849.838	-2132.978	283.1398	1.180843	0.1890559	3.447553
9636	-1861.11	-2144.813	283.7026	1.347086	0.1500879	3.092752
9642	-1877.601	-2161.07	283.4693	1.414882	0.1038546	3.295632
9648	-1858.479	-2141.848	283.3682	1.292933	0.1860058	3.253015
9654	-1839.664	-2122.825	283.1618	1.394872	0.1356396	3.414773
9660	-1841.972	-2124.132	282.1599	1.207586	0.1636999	4.04471
9666	-1849.193	-2129.967	280.7733	1.227885	0.1330373	4.875346
9672	-1850.497	-2133.449	282.9525	1.235469	0.180371	3.540798
9678	-1862.247	-2144.824	282.5776	1.245204	0.180371	3.752417
9684	-1869.642	-2152.808	283.1665	1.507408	0.1080672	3.408934
9690	-1841.263	-2125.027	283.7648	1.456213	0.130892	3.031963
9696	-1837.282	-2121.713	284.4305	1.433761	0.1366817	2.628114
9702	-1848.571	-2131.968	283.3964	1.433761	0.1353485	3.254507
9708	-1859.36	-2142.802	283.442	1.423372	0.1259912	3.254507
9714	-1841.063	-2124.5	283.4379	1.257282	0.1744755	3.254507
9720	-1845.923	-2127.572	281.6486	1.024164	0.2411099	4.308288
9726	-1847.184	-2129.121	281.937	1.167992	0.2207545	4.094677
9732	-1836.578	-2120.913	284.3351	1.515222	0.1701481	2.56487
9738	-1838.649	-2122.997	284.3476	1.364216	0.1939447	2.604232
9744	-1844.462	-2125.139	280.6772	1.120538	0.2004036	4.863852
9750	-1839.949	-2122.71	282.7613	1.251989	0.1327883	3.736782
9756	-1834.062	-2117.13	283.0682	1.280084	0.1326669	3.542882
9762	-1826.969	-2108.53	281.561	1.30059	0.1364124	4.386025
9768	-1822.379	-2106.116	283.7377	1.333438	0.1673736	3.044793
9774	-1821.115	-2103.948	282.8325	1.148936	0.2067549	3.614114
9780	-1816.918	-2100.039	283.1207	1.309407	0.2209118	3.328246
9786	-1824.065	-2107.315	283.2496	1.466962	0.1322516	3.328246
9792	-1819.04	-2100.478	281.4371	1.098758	0.1606375	4.521399
9798	-1832.627	-2113.148	280.5206	0.8601597	0.152747	5.180472
9804	-1818.769	-2100.259	281.4897	0.7811859	0.1603386	4.670647
9810	-1812.872	-2095.333	282.4616	1.061027	0.1692394	3.945555
9816	-1816.854	-2100.48	283.6264	1.194452	0.2064498	3.121623
9822	-1819.899	-2103.049	283.1501	1.130283	0.2279039	3.404717
9828	-1834.385	-2117.216	282.8312	1.169586	0.1525665	3.702888
9834	-1824.079	-2106.085	282.0058	1.05591	0.1664017	4.213548
9840	-1826.923	-2108.085	281.1615	1.195545	0.2778382	4.433491
9846	-1837.508	-2117.771	280.2622	0.983783	0.157448	5.246068
9852	-1837.634	-2119.489	281.8556	1.083258	0.1629244	4.289743
9858	-1838.519	-2120.165	281.646	1.182897	0.1975494	4.289743
9864	-1847.155	-2131.44	284.2851	1.257903	0.1898496	2.715867
9870	-1836.915	-2119.227	282.3116	1.161281	0.1750874	3.963133
9876	-1840.195	-2121.426	281.2309	1.129011	0.1750874	4.59341
9882	-1833.759	-2115.119	281.3596	0.979186	0.1750874	4.605284
9888	-1822.538	-2104.162	281.6234	1.007909	0.1830351	4.426593
9894	-1833.699	-2114.639	280.94	1.022096	0.2876259	4.642146
9900	-1834.244	-2116.421	282.1769	0.9593682	0.179945	4.146276
9906	-1835.424	-2116.892	281.4685	1.018832	0.179945	4.513134
9912	-1836.497	-2118.51	282.0131	1.06408	0.243419	4.075146
9918	-1842.026	-2124.368	282.3413	1.165319	0.2187363	3.868227
9924	-1837.662	-2120.867	283.2052	1.185312	0.1920047	3.401362
9930	-1828.694	-2110.76	282.0659	1.041211	0.2209993	4.093034
9936	-1826.038	-2108.108	282.0703	1.064528	0.2113167	4.093034
9942	-1839.172	-2121.26	282.0885	1.020507	0.1889144	4.145799
9948	-1836.711	-2116.178	279.4668	0.9168415	0.250935	5.5681
9954	-1838.504	-2121.421	282.9166	0.9293259	0.210707	3.685965
9960	-1836.524	-2117.479	280.9546	1.030336	0.2924908	4.62287
9966	-1829.09	-2111.387	282.297	1.102188	0.2479629	3.884161
9972	-1822.694	-2105.064	282.3692	1.239759	0.2527093	3.756372
9978	-1823.884	-2107.18	283.2966	1.127695	0.2527093	3.281026
9984	-1819.901	-2103.56	283.659	1.136659	0.174153	3.195667
9990	-1833.622	-2117.118	283.4959	1.227631	0.1972621	3.195667
9996	-1840.195	-2122.612	282.4173	1.083202	0.2149389	3.877957
10002	-1827	-2110.23	283.2298	1.164158	0.2151649	3.359086
10008	-1825.838	-2108.143	282.3058	1.175547	0.1327723	4.042064
10014	-1821.254	-2102.651	281.3973	1.072765	0.2805261	4.366087
10020	-1816.095	-2097.595	281.5003	1.096575	0.1956009	4.424162
10026	-1810.278	-2092.932	282.654	1.198885	0.1487087	3.796037
10032	-1835.002	-2117.265	282.2627	1.202069	0.1366896	4.043219
10038	-1844.977	-2127.463	282.4867	1.110548	0.1790315	3.884672
10044	-1844.496	-2128.651	284.1556	1.436482	0.1572354	2.750584
10050	-1834.458	-2117.496	283.0372	1.276994	0.2402616	3.365131
10056	-1836.219	-2120.376	284.1574	1.261308	0.2082733	2.758152
10062	-1827.5	-2110.156	282.657	1.345267	0.1184241	3.774928
10068	-1825.859	-2108.75	282.891	1.084883	0.2252516	3.58671
10074	-1842.491	-2124.358	281.8677	1.080376	0.1661554	4.278438
10080	-1847.193	-2130.155	282.9625	1.214948	0.2593915	3.41602
10086	-1839.437	-2122.345	282.9081	1.115263	0.1618682	3.671423
10092	-1834.866	-2117.413	282.5476	1.310629	0.1982469	3.700106
10098	-1823.561	-2105.955	282.3938	0.9635486	0.1672305	4.043837
10104	-1828.368	-2110.226	281.8579	1.179938	0.2590278	4.074416
10110	-1826.896	-2110.184	283.2877	1.233259	0.186135	3.335388
10116	-1833.588	-2116.968	283.38	1.17992	0.204085	3.280364
10122	-1843.714	-2126.441	282.7266	1.10151	0.2039325	3.707739
10128	-1841.507	-2124.17	282.6626	1.14888	0.2096126	3.707739
10134	-1834.596	-2117.673	283.0774	1.152381	0.2455815	3.406348
10140	-1825.007	-2106.413	281.4058	1.075631	0.2127235	4.460677
10146	-1819.032	-2100.383	281.3505	1.057903	0.2389893	4.460677
10152	-1814.929	-2095.946	281.017	0.9916512	0.2162456	4.72034
10158	-1821.074	-2103.387	282.3125	1.110055	0.1283829	4.084963
10164	-1812.609	-2094.832	282.223	0.9574177	0.1781295	4.124432
10170	-1834.436	-2113.837	279.4011	0.8062417	0.2622031	5.648993
10176	-1833.179	-2113.964	280.7851	0.8458482	0.2371042	4.898789
10182	-1842.755	-2125.853	283.0985	1.183331	0.1843686	3.478722
10188	-1839.386	-2122.9	283.5134	1.183529	0.2027155	3.201797
10194	-1829.185	-2111.986	282.8007	1.285796	0.19136	3.579923
10200	-1841.008	-2122.397	281.3883	1.090322	0.2368991	4.424304
10206	-1830.427	-2113.904	283.4775	1.291649	0.2150145	3.137635
10212	-1829.825	-2113.458	283.6323	1.459182	0.1185203	3.137635
10218	-1834.889	-2118.05	283.1603	1.351753	0.1486427	3.413412
10224	-1832.373	-2114.921	282.5481	1.169303	0.2151251	3.752882
10230	-1840.321	-2120.551	280.2301	0.9264013	0.2151251	5.196016
10236	-1835.965	-2116.093	280.1276	1.025674	0.2162293	5.196016
10242	-1830.474	-2113.284	282.81	1.082187	0.2511199	3.59483
10248	-1841.755	-2124.795	283.0402	1.286418	0.2173031	3.395032
10254	-1846.647	-2129.373	282.7265	1.221128	0.2385699	3.581931
10260	-1825.486	-2108.704	283.2178	1.200923	0.1995155	3.371473
10266	-1834.352	-2117.686	283.3342	1.19795	0.1636392	3.371473
10272	-1847.323	-2131.94	284.6171	1.5762	0.1480143	2.39723
10278	-1840.122	-2123.655	283.5324	1.352848	0.191396	3.11017
10284	-1831.624	-2114.397	282.7731	1.028003	0.2529659	3.644884
10290	-1827.192	-2110.483	283.291	1.085965	0.2682511	3.285615
10296	-1815.205	-2098.847	283.642	1.423075	0.167577	3.048028
10302	-1827.544	-2111.276	283.7319	1.434676	0.1383441	3.048028
10308	-1837.517	-2119.665	282.1487	1.478688	0.3473162	3.617666
10314	-1826.373	-2110.112	283.7397	1.420334	0.1653903	2.995493
10320	-1831.369	-2115.527	284.1576	1.202435	0.1957122	2.816642
10326	-1835.266	-2118.992	283.7254	1.283967	0.2068095	3.008334
10332	-1825.784	-2107.169	281.3852	0.9467766	0.2068095	4.55439
10338	-1815.492	-2097.956	282.464	1.110923	0.111885	4.034963
10344	-1843.538	-2125.281	281.7431	1.158706	0.1094947	4.422189
10350	-1834.695	-2118.191	283.4956	1.343919	0.2573908	3.027081
10356	-1822.02	-2106.377	284.3575	1.381412	0.1650912	2.644161
10362	-1836.046	-2119.794	283.7473	1.367145	0.1789933	2.99629
10368	-1838.693	-2120.777	282.0838	1.278721	0.2047366	3.974007
10374	-1828.281	-2110.631	282.3506	1.220426	0.1407717	3.974007
10380	-1833.14	-2115.468	282.3285	1.23549	0.142736	3.974007
10386	-1847.836	-2130.347	282.5111	1.178511	0.1667506	3.854518
10392	-1831.581	-2115.789	284.208	1.321847	0.113156	2.887636
10398	-1836.419	-2120.755	284.3367	1.689937	0.148682	2.500451
10404	-1838.709	-2122.532	283.8238	1.296653	0.1553502	3.039557
10410	-1839.968	-2124.751	284.7835	1.572338	0.2420359	2.10811
10416	-1839.824	-2124.839	285.0148	1.392327	0.2423568	2.073852
10422	-1846.251	-2130.394	284.1429	1.360991	0.2490989	2.636615
10428	-1840.48	-2124.505	284.0249	1.347034	0.165302	2.867916
10434	-1844.624	-2129.359	284.7345	1.485496	0.1838973	2.304473
10440	-1848.61	-2131.107	282.4976	1.26883	0.1838011	3.77867
10446	-1841.57	-2124.605	283.0354	1.177036	0.1724642	3.541349
10452	-1839.507	-2120.093	280.5856	0.9432021	0.1911335	5.029081
10458	-1848.751	-2129.827	281.076	0.9771947	0.2157066	4.696269
10464	-1837.038	-2120.567	283.5291	1.418725	0.1716162	3.110123
10470	-1839.129	-2121.508	282.3791	1.043631	0.1430452	4.054056
10476	-1847.284	-2129.299	282.0155	1.126245	0.181826	4.139769
10482	-1840.438	-2121.127	280.6898	1.033963	0.1900249	4.922602
10488	-1840.246	-2123.252	283.0054	1.14877	0.1900249	3.542914
10494	-1838.458	-2122.094	283.6362	1.195751	0.1641648	3.193583
10500	-1838.901	-2122.256	283.3555	1.455672	0.1641648	3.205915
10506	-1839.524	-2123.214	283.6898	1.2411	0.1322818	3.201651
10512	-1841.607	-2124.745	283.1381	1.292561	0.1398736	3.479362
10518	-1857.191	-2139.014	281.8233	1.165454	0.2237873	4.155974
10524	-1840.117	-2122.17	282.053	1.147018	0.1040084	4.266486
10530	-1832.482	-2114.488	282.0066	1.128135	0.1873882	4.133858
10536	-1841.76	-2125.128	283.3677	1.253262	0.1873882	3.274155
10542	-1833.451	-2116.519	283.068	1.080936	0.2552381	3.438944
10548	-1838.611	-2120.07	281.4595	1.024273	0.1764615	4.521403
10554	-1825.115	-2108.075	282.9596	1.202282	0.2738397	3.403875
10560	-1829.528	-2113.751	284.2229	1.355019	0.1564367	2.760906
10566	-1842.468	-2126.473	284.0048	1.305023	0.2016369	2.836347
10572	-1838.981	-2122.172	283.1912	1.336215	0.1452391	3.411513
10578	-1832.178	-2114.323	282.1457	1.174348	0.1546534	4.089279
10584	-1839.079	-2122.744	283.665	1.219071	0.2025645	3.090786
10590	-1836.503	-2119.643	283.14	1.307414	0.1651255	3.418214
10596	-1831.423	-2113.879	282.4558	1.108936	0.1338979	3.99202
10602	-1832.769	-2117.73	284.961	1.393498	0.1709813	2.24479
10608	-1829.231	-2114.158	284.9265	1.69099	0.1979876	2.017635
10614	-1833.523	-2118.466	284.9435	1.661065	0.161996	2.101716
10620	-1842.217	-2126.202	283.984	1.523114	0.1935916	2.73081
10626	-1838.238	-2121.732	283.4939	1.454213	0.1454286	3.163024
10632	-1825.931	-2110.212	284.2808	1.454213	0.1982276	2.581804
10638	-1830.554	-2114.509	283.9547	1.408115	0.1503198	2.904329
10644	-1836.554	-2120.192	283.6383	1.356555	0.1729523	3.079485
10650	-1825.382	-2109.591	284.2092	1.454595	0.1719907	2.676402
10656	-1836.317	-2120.364	284.0472	1.509978	0.1610647	2.76395
10662	-1833.877	-2118.09	284.2132	1.38813	0.1482408	2.76395
10668	-1831.049	-2115.663	284.6136	1.435816	0.1833662	2.413807
10674	-1839.711	-2123.693	283.9821	1.452395	0.1564354	2.848149
10680	-1848.414	-2132.957	284.5429	1.346217	0.1564354	2.569301
10686	-1839.067	-2123.31	284.2428	1.366589	0.1880256	2.678613
10692	-1846.908	-2130.472	283.5642	1.132337	0.2406438	3.138615
10698	-1840.66	-2124.341	283.6801	1.382153	0.2521514	2.901259
10704	-1854.524	-2138.555	284.0305	1.363481	0.1429674	2.901259
10710	-1849.507	-2131.332	281.8257	1.099277	0.1840323	4.258894
10716	-1842.242	-2124.992	282.7493	1.181797	0.1688702	3.71136
10722	-1853.824	-2137.529	283.7054	1.490505	0.2407906	2.838502
10728	-1845.309	-2128.952	283.6427	1.244843	0.1318366	3.228298
10734	-1846.282	-2131.409	285.1273	1.584753	0.1991002	1.952252
10740	-1830.197	-2115.107	284.9098	1.562704	0.1474184	2.220344
10746	-1831.586	-2116.522	284.9354	1.590003	0.1748116	2.125933
10752	-1852.77	-2136.882	284.1114	1.478314	0.2443838	2.591236
10758	-1838.248	-2121.449	283.2007	1.426232	0.1170751	3.415149
10764	-1831.426	-2115.076	283.65	1.171007	0.2190659	3.099869
10770	-1831.83	-2115.271	283.441	1.276873	0.1737884	3.242404
10776	-1831.401	-2114.931	283.5296	1.312372	0.1735146	3.169407
10782	-1838.82	-2122.978	284.1582	1.467544	0.1522832	2.740422
10788	-1838.065	-2122.285	284.2198	1.34576	0.1843367	2.712529
10794	-1838.064	-2122.738	284.674	1.449601	0.1756827	2.382337
10800	-1833.929	-2117.52	283.5908	1.341662	0.1844717	3.09481
10806	-1838.65	-2121.948	283.2979	1.250605	0.1480152	3.393357
10812	-1834.884	-2117.965	283.0808	1.236566	0.2736776	3.312766
10818	-1823.698	-2106.528	282.8301	1.15926	0.3048285	3.4616
10824	-1831.498	-2115.437	283.9391	1.481095	0.2215584	2.733963
10830	-1828.154	-2112.243	284.0889	1.375787	0.130799	2.885591
10836	-1832.838	-2116.973	284.135	1.399326	0.1892443	2.722343
10842	-1825.322	-2109.488	284.1661	1.457312	0.1892443	2.667634
10848	-1825.02	-2109.221	284.2002	1.540149	0.1781079	2.617055
10854	-1847.88	-2128.869	280.9889	1.108781	0.2131649	4.675456
10860	-1832.731	-2114.757	282.0261	1.108781	0.2108287	4.093815
10866	-1836.516	-2118.363	281.8469	1.24997	0.1707942	4.185376
10872	-1836.05	-2118.726	282.6764	1.087422	0.1907658	3.767727
10878	-1840.888	-2124.148	283.2595	1.277889	0.2272285	3.254584
10884	-1835.899	-2119.02	283.1214	1.449862	0.1758318	3.324962
10890	-1827.009	-2109.993	282.9839	1.298502	0.1758318	3.494198
10896	-1822.66	-2105.392	282.7323	1.351571	0.1527443	3.654469
10902	-1837.161	-2120.125	282.9649	1.27647	0.1858159	3.499737
10908	-1821.227	-2103.358	282.1309	1.108142	0.2148864	4.027707
10914	-1816.796	-2100.056	283.2591	1.047297	0.1884721	3.456913
10920	-1813.329	-2096.555	283.2261	1.163181	0.1857475	3.413379
10926	-1826.911	-2109.564	282.6521	1.163777	0.2043235	3.714132
10932	-1823.694	-2106.539	282.845	1.174777	0.2528567	3.517935
10938	-1833.152	-2116.781	283.6297	1.279613	0.1829055	3.111507
10944	-1837.827	-2120.534	282.7069	1.022409	0.1933226	3.783099
10950	-1845.249	-2127.663	282.4137	1.153547	0.1622226	3.93339
10956	-1842.048	-2125.682	283.6338	1.273155	0.1549252	3.167693
10962	-1846.577	-2130.746	284.1686	1.486486	0.3286394	2.423696
10968	-1837.756	-2122.379	284.6229	1.594961	0.1297066	2.423855
10974	-1832.212	-2114.994	282.7811	1.101895	0.211405	3.663348
10980	-1836.001	-2119.949	283.9485	1.332361	0.1636846	2.926191
10986	-1836.209	-2120.048	283.8388	1.325227	0.2007131	2.926191
10992	-1842.833	-2125.745	282.9117	1.1405	0.2242259	3.543975
10998	-1842.046	-2125.178	283.1316	1.09204	0.2066079	3.473371
11004	-1838.914	-2122.677	283.7629	1.286728	0.2385478	2.930621
11010	-1828.985	-2111.132	282.1473	1.073769	0.2279279	4.017031
11016	-1827.667	-2109.969	282.302	1.109791	0.2555252	3.865638
11022	-1825.133	-2106.675	281.542	1.087308	0.1958766	4.405407
11028	-1831.863	-2114.143	282.2805	1.076551	0.2959884	3.839883
11034	-1833.386	-2114.494	281.1081	0.9693751	0.2908485	4.573115
11040	-1827.201	-2109.951	282.7495	1.061231	0.1880258	3.745549
11046	-1827.387	-2109.74	282.3533	1.015727	0.1880258	3.999137
11052	-1823.337	-2104.565	281.2281	1.204168	0.2800112	4.388092
11058	-1836.683	-2118.295	281.6126	1.084346	0.2074894	4.347677
11064	-1820.972	-2103.192	282.2194	1.159519	0.1565042	4.052098
11070	-1819.274	-2101.299	282.0257	1.027029	0.2686225	4.052098
11076	-1833.59	-2117.629	284.0395	1.28153	0.1709929	2.887392
11082	-1832.504	-2114.611	282.1074	1.225107	0.2050793	3.990591
11088	-1830.518	-2112.301	281.7837	1.150625	0.3410297	4.024169
11094	-1815.494	-2099.167	283.6728	1.324505	0.3410297	2.813746
11100	-1816.917	-2099.903	282.9863	1.324505	0.1863628	3.458191
11106	-1812.146	-2095.077	282.9311	1.270463	0.1637351	3.56441
11112	-1803.601	-2087.559	283.9581	1.439456	0.2008405	2.784437
11118	-1812.771	-2096.711	283.9398	1.297344	0.2182386	2.851138
11124	-1814.634	-2100.01	285.3768	1.689251	0.2182386	1.668947
11130	-1832.858	-2118.556	285.6977	1.830158	0.161804	1.45733
11136	-1829.235	-2114.54	285.3058	1.722806	0.197668	1.737948
11142	-1829.829	-2115.148	285.3191	1.570274	0.2412729	1.748988
11148	-1827.828	-2112.724	284.8961	1.550378	0.2269137	2.075577
11154	-1834.146	-2118.547	284.401	1.520942	0.2984006	2.297898
11160	-1827.278	-2111.257	283.979	1.329922	0.221975	2.801132
11166	-1832.864	-2116.71	283.8456	1.393626	0.213921	2.857362
11172	-1832.735	-2117.333	284.5975	1.444153	0.1648246	2.456426
11178	-1835.279	-2119.089	283.8098	1.326883	0.1960358	2.951108
11184	-1830.151	-2114.026	283.8749	1.371964	0.1482636	2.978561
11190	-1840.104	-2122.973	282.8695	1.304317	0.1386014	3.631522
11196	-1827.961	-2111.553	283.5921	1.334054	0.1883367	3.091413
11202	-1828.7	-2112.106	283.4063	1.164623	0.2045391	3.273093
11208	-1831.175	-2113.382	282.2072	1.133002	0.1291131	4.130299
11214	-1834.708	-2116.895	282.1874	1.155062	0.1874799	4.015296
11220	-1827.326	-2110.264	282.938	1.10606	0.1644027	3.65453
11226	-1839.441	-2123.278	283.8372	1.101954	0.2467506	2.983919
11232	-1838.298	-2121.729	283.4319	1.155773	0.2361791	3.210381
11238	-1848.103	-2128.159	280.0566	0.9847711	0.2361769	5.227278
11244	-1839.278	-2120.064	280.7853	1.061392	0.1913148	4.851895
11250	-1832.485	-2114.926	282.4408	1.2544	0.1248392	3.936973
11256	-1827.002	-2109.59	282.5872	1.101905	0.1989891	3.796432
11262	-1818.524	-2101.423	282.8989	1.296593	0.1469602	3.601515
11268	-1821.177	-2105.427	284.2504	1.35219	0.1758586	2.706328
11274	-1828.179	-2110.693	282.5147	1.329537	0.1054747	3.895853
11280	-1841.626	-2125.213	283.5868	1.166378	0.1701731	3.228442
11286	-1850.45	-2132.789	282.3388	1.147961	0.1701731	3.964344
11292	-1837.933	-2120.032	282.0986	1.123196	0.2255174	4.020441
11298	-1837.43	-2118.632	281.2022	1.017352	0.1488303	4.721568
11304	-1846.171	-2126.991	280.8203	1.121154	0.1488303	4.876801
11310	-1833.586	-2117.542	283.9553	1.415598	0.1360951	2.930281
11316	-1827.902	-2111.892	283.9903	1.338948	0.1643853	2.895571
11322	-1822.386	-2106.672	284.2863	1.522346	0.1643853	2.602557
11328	-1834.049	-2118.394	284.3453	1.51769	0.1286239	2.647469
11334	-1837.847	-2121.927	284.0794	1.623941	0.1286239	2.745434
11340	-1837.528	-2120.345	282.8171	1.02139	0.139917	3.822374
11346	-1831.298	-2114.264	282.9661	1.173844	0.1800186	3.569428
11352	-1827.579	-2109.757	282.1782	1.120856	0.1898228	4.035926
11358	-1830.656	-2113.339	282.6839	1.279723	0.1600728	3.709502
11364	-1823.093	-2107.192	284.0983	1.315928	0.201682	2.772695
11370	-1818.257	-2102.001	283.744	1.445169	0.1566783	2.995645
11376	-1833.452	-2117.886	284.4344	1.4585	0.1980218	2.483855
11382	-1829.968	-2114.253	284.2853	1.445456	0.164523	2.650358
11388	-1828.836	-2113.061	284.2246	1.446561	0.1863513	2.643728
11394	-1840.548	-2124.818	284.2699	1.444731	0.2352113	2.528909
11400	-1856.262	-2140.397	284.1354	1.24599	0.2197983	2.760737
11406	-1844.319	-2128.318	283.9982	1.413203	0.2358474	2.715212
11412	-1823.885	-2107.482	283.5967	1.128671	0.322119	3.002893
11418	-1842.271	-2125.686	283.4154	1.378927	0.2024145	3.144506
11424	-1845.244	-2128.293	283.0496	1.295385	0.1949123	3.422805
11430	-1845.082	-2128.648	283.5664	1.478992	0.2130752	2.975819
11436	-1841.443	-2125.479	284.0355	1.397744	0.2085356	2.748763
11442	-1852.764	-2134.759	281.9948	0.9874371	0.2064717	4.187829
11448	-1843.345	-2124.88	281.5352	1.024364	0.2267939	4.394218
11454	-1842.712	-2124.103	281.3907	1.172863	0.2267939	4.391982
11460	-1827.768	-2109.311	281.5434	1.146132	0.2352394	4.307727
11466	-1834.408	-2117.632	283.224	1.229206	0.2352394	3.291353
11472	-1846.191	-2128.822	282.6305	1.453586	0.2352394	3.507735
11478	-1845.659	-2129.919	284.2598	1.346981	0.1745331	2.706379
11484	-1829.082	-2112.006	282.9246	1.309773	0.1915557	3.493476
11490	-1828.65	-2112.568	283.9185	1.384064	0.1747572	2.891131
11496	-1831.509	-2115.629	284.1195	1.527254	0.1732745	2.684317
11502	-1830.643	-2114.4	283.7564	1.357796	0.1796146	2.995227
11508	-1845.655	-2126.769	281.1144	1.325203	0.1082535	4.684664
11514	-1837.128	-2117.852	280.7236	0.9937156	0.1583852	4.983078
11520	-1828.343	-2111.688	283.3444	1.245923	0.2084785	3.254808
11526	-1829.4	-2112.061	282.661	1.47643	0.09544192	3.75166
11532	-1824.508	-2107.406	282.8986	1.219195	0.195368	3.554605
11538	-1832.636	-2115.595	282.9597	1.225173	0.1795191	3.544168
11544	-1835.395	-2118.33	282.9346	1.186074	0.200396	3.544168
11550	-1834.49	-2118.35	283.8603	1.417427	0.164836	2.925791
11556	-1824.833	-2108.164	283.331	1.28713	0.1736581	3.301487
11562	-1823.638	-2107.511	283.8732	1.271844	0.1479185	3.040328
11568	-1836.261	-2119.093	282.832	1.289386	0.2196824	3.51111
11574	-1840.13	-2123.975	283.8451	1.33656	0.1713428	2.9707
11580	-1827.793	-2110.346	282.5535	1.263759	0.1973049	3.725433
11586	-1817.554	-2099.704	282.1494	1.123374	0.1573089	4.111001
11592	-1820.421	-2103.595	283.1742	1.274899	0.2058432	3.342582
11598	-1829.863	-2112.679	282.8159	1.151206	0.1841147	3.662186
11604	-1819.382	-2101.565	282.1839	1.199312	0.1589083	4.044972
11610	-1821.776	-2103.874	282.0986	1.032918	0.2429119	4.044972
11616	-1843.853	-2127.356	283.5029	1.278397	0.2817419	3.025598
11622	-1842.547	-2125.365	282.8184	1.114985	0.2106903	3.635368
11628	-1839.087	-2123.862	284.7756	1.45389	0.1420032	2.387904
11634	-1819.56	-2103.465	283.9047	1.324348	0.1915966	2.903567
11640	-1833.645	-2117.535	283.8898	1.17019	0.2871348	2.849817
11646	-1829.189	-2113.944	284.755	1.399109	0.2558005	2.215888
11652	-1818.505	-2103.286	284.7819	1.545296	0.1938835	2.215888
11658	-1826.139	-2111.044	284.9049	1.528345	0.2041334	2.126992
11664	-1836.589	-2121.301	284.7125	1.400642	0.2175791	2.308554
11670	-1847.378	-2131.918	284.5398	1.322694	0.1915108	2.515178
11676	-1851.805	-2136.212	284.407	1.327834	0.2708721	2.458388
11682	-1839.948	-2123.904	283.9562	1.244814	0.1837335	2.9352
11688	-1835.685	-2118.325	282.6407	1.012536	0.2212656	3.779795
11694	-1848.27	-2130.274	282.0036	1.06246	0.2049654	4.142706
11700	-1840.267	-2121.562	281.2946	0.948639	0.1845131	4.642069
11706	-1847.498	-2129.137	281.6385	1.034426	0.1845131	4.40048
11712	-1852.527	-2133.041	280.5138	0.9751832	0.1845131	5.062531
11718	-1853.151	-2133.541	280.3899	0.892672	0.2435715	5.082742
11724	-1844.235	-2123.441	279.2055	0.9264404	0.1775874	5.821923
11730	-1842.894	-2125.241	282.3474	1.027154	0.1987559	3.977325
11736	-1830.871	-2112.316	281.4454	0.973125	0.2124191	4.496613
11742	-1833.475	-2113.026	279.551	0.9747037	0.1645229	5.629554
11748	-1846.625	-2127.983	281.3581	1.022839	0.2555798	4.451565
11754	-1850.87	-2132.714	281.844	1.071334	0.1737921	4.282775
11760	-1847.985	-2131.628	283.6433	1.434869	0.154614	3.066344
11766	-1838.693	-2121.54	282.8468	1.170804	0.1745117	3.650623
11772	-1841.867	-2124.038	282.1713	1.345633	0.1278108	4.032394
11778	-1843.589	-2125.979	282.3897	1.132959	0.2976194	3.742282
11784	-1848.325	-2131.147	282.8222	1.466514	0.2720328	3.332014
11790	-1828.172	-2110.586	282.4133	1.090541	0.1889242	3.920405
11796	-1842.632	-2123.466	280.8333	0.9334599	0.1955245	4.88928
11802	-1839.219	-2119.282	280.0626	0.8924732	0.1897065	5.348936
11808	-1838.931	-2119.426	280.4946	0.8769965	0.182905	5.130432
11814	-1832.677	-2114.306	281.629	1.149069	0.2269735	4.270466
11820	-1832.126	-2114.368	282.242	1.051733	0.1973792	4.025836
11826	-1836.458	-2119.355	282.8965	1.291819	0.2509408	3.422426
11832	-1838.821	-2121.831	283.01	1.277254	0.2147315	3.422426
11838	-1842.328	-2126.427	284.0994	1.311322	0.2504677	2.691753
11844	-1828.78	-2111.586	282.8064	1.247068	0.2365244	3.52356
11850	-1822.887	-2105.832	282.945	1.363077	0.153083	3.52356
11856	-1821.965	-2105.282	283.3176	1.28662	0.1902733	3.278799
11862	-1823.581	-2107.119	283.5378	1.321495	0.1768776	3.152656
11868	-1822.301	-2105.959	283.6575	1.306138	0.2399399	2.980131
11874	-1832.39	-2115.6	283.2098	1.22316	0.2399399	3.295772
11880	-1838.248	-2121.513	283.2652	1.343666	0.1851658	3.285367
11886	-1820.996	-2104.172	283.1755	1.341823	0.1601826	3.386973
11892	-1812.902	-2095.523	282.6209	1.226067	0.1601826	3.776598
11898	-1823.691	-2106.031	282.3406	1.150885	0.1916547	3.92267
11904	-1822.846	-2107.022	284.1759	1.301126	0.1440463	2.848658
11910	-1820.449	-2105.045	284.5953	1.501433	0.1537731	2.445385
11916	-1817.453	-2101.761	284.3076	1.302938	0.2533562	2.563717
11922	-1818.983	-2102.296	283.3127	1.323616	0.2111179	3.223088
11928	-1809.013	-2091.476	282.4633	1.267268	0.1896461	3.788872
11934	-1822.418	-2104.636	282.2178	1.170314	0.1896461	3.985411
11940	-1827.335	-2108.58	281.2449	1.192603	0.3073909	4.348616
11946	-1829.454	-2109.491	280.0367	1.159348	0.3069784	5.04399
11952	-1835.762	-2119.975	284.2129	1.339656	0.2117094	2.669989
11958	-1820.41	-2104.487	284.0778	1.322838	0.1730562	2.835064
11964	-1831.725	-2114.718	282.9938	1.420924	0.14477	3.478364
11970	-1825.861	-2109.532	283.6705	1.404657	0.1767191	3.024183
11976	-1829.596	-2113.286	283.6899	1.466	0.1525173	3.024183
11982	-1826.049	-2110.155	284.106	1.370342	0.2064231	2.726187
11988	-1826.165	-2110.334	284.169	1.547931	0.1921908	2.604344
11994	-1833.713	-2118.334	284.6216	1.572639	0.1093151	2.488943
12000	-1836.541	-2121.081	284.54	1.428923	0.199548	2.433266
12006	-1832.335	-2116.825	284.4901	1.624179	0.199548	2.341314
12012	-1837.144	-2122.395	285.2507	1.659303	0.1270055	1.982368
12018	-1852.343	-2137.794	285.4516	1.591477	0.2014712	1.719763
12024	-1853.658	-2137.533	283.8742	1.34538	0.1609808	2.968586
12030	-1849.372	-2134.377	285.0044	1.614931	0.1647276	2.086003
12036	-1837.245	-2121.585	284.34	1.544924	0.1308106	2.628817
12042	-1830.823	-2115.481	284.6573	1.482515	0.1712092	2.381255
12048	-1841.973	-2126.234	284.2604	1.453889	0.1891088	2.61186
12054	-1826.325	-2111.01	284.6849	1.476503	0.1465706	2.420588
12060	-1824.194	-2109.214	285.0208	1.517671	0.2207609	2.026126
12066	-1835.099	-2119.484	284.3852	1.452404	0.2245086	2.470458
12072	-1838.258	-2123.041	284.7835	1.452404	0.1417711	2.384341
12078	-1827.781	-2112.091	284.3103	1.582282	0.1858511	2.507325
12084	-1829.439	-2114.004	284.5654	1.280358	0.1813146	2.545423
12090	-1820.606	-2104.83	284.2244	1.423198	0.2155944	2.60444
12096	-1821.465	-2105.651	284.1865	1.520462	0.2341026	2.53557
12102	-1823.213	-2108.359	285.1462	1.580091	0.1092088	2.149904
12108	-1826.251	-2111.415	285.1637	1.567903	0.1780233	1.982809
12114	-1839.79	-2124.181	284.3907	1.377835	0.2829869	2.418499
12120	-1827.026	-2111.868	284.8425	1.748297	0.155397	2.125445
12126	-1842.76	-2128.392	285.6322	1.794349	0.155397	1.549573
12132	-1847.889	-2133.174	285.2846	1.683769	0.1056795	2.000013
12138	-1860.141	-2144.956	284.8153	1.563857	0.1198953	2.345662
12144	-1856.454	-2139.777	283.3228	1.242622	0.185547	3.310286
12150	-1849.384	-2131.244	281.8609	1.242622	0.2107984	4.11168
12156	-1854.147	-2135.304	281.1574	1.095775	0.2217436	4.574612
12162	-1834.414	-2115.467	281.0534	1.059583	0.1249512	4.830071
12168	-1835.298	-2118.555	283.2563	1.04992	0.1514952	3.52784
12174	-1827.303	-2108.242	280.9386	1.062215	0.2089551	4.736459
12180	-1828.167	-2109.718	281.5509	0.9028678	0.2094125	4.481674
12186	-1828.674	-2109.97	281.2965	0.9943783	0.2699886	4.481674
12192	-1828.397	-2110.28	281.8825	1.113667	0.1837928	4.218923
12198	-1830.166	-2112.26	282.0939	1.199875	0.1342098	4.145874
12204	-1840.418	-2122.611	282.1928	1.233738	0.1546474	4.028562
12210	-1832.479	-2115.08	282.6015	1.362743	0.1395865	3.750652
12216	-1823.243	-2106.526	283.2833	1.369723	0.1451059	3.33804
12222	-1836.539	-2120.121	283.5824	1.306628	0.2628786	2.989044
12228	-1824.97	-2108.992	284.022	1.320506	0.2451963	2.74207
12234	-1815.687	-2099.489	283.8021	1.380706	0.1447387	3.024507
12240	-1826.07	-2110.455	284.3848	1.398141	0.2293295	2.496323
12246	-1830.5	-2114.781	284.2806	1.434801	0.1946445	2.600692
12252	-1825.929	-2110.367	284.4375	1.564688	0.1192772	2.583674
12258	-1831.436	-2116.152	284.7166	1.447207	0.1656006	2.377774
12264	-1844.591	-2126.046	281.4558	1.191868	0.1680987	4.444432
12270	-1843.422	-2125.199	281.7765	1.106691	0.1680987	4.311483
12276	-1854.225	-2135.869	281.6436	1.171393	0.1895219	4.311483
12282	-1836.665	-2118.563	281.898	1.178121	0.1988584	4.147311
12288	-1846.587	-2128.332	281.7458	1.187658	0.2498789	4.147311
12294	-1827.078	-2108.453	281.3753	1.158241	0.1408036	4.561678
12300	-1823.695	-2105.247	281.5518	1.289913	0.2083743	4.264326
12306	-1833.718	-2117.296	283.5783	1.329048	0.2552388	2.989729
12312	-1840.791	-2123.931	283.1402	1.146073	0.279742	3.322328
12318	-1818.833	-2101.761	282.9282	1.13579	0.1626456	3.646384
12324	-1827.557	-2109.516	281.9596	1.065177	0.200077	4.174382
12330	-1847.806	-2129.722	281.9165	1.065506	0.2969304	4.053363
12336	-1840.299	-2120.36	280.0607	1.103087	0.1885539	5.235645
12342	-1849.277	-2130.218	280.9412	0.945468	0.207132	4.803158
12348	-1864.882	-2144.07	279.1875	0.8817484	0.256389	5.732805
12354	-1845.549	-2124.483	278.9339	1.051841	0.2419983	5.799207
12360	-1846.541	-2128.458	281.9177	1.101197	0.1465324	4.276458
12366	-1843.942	-2125.711	281.7683	1.111204	0.3287046	4.070658
12372	-1842.776	-2127.078	284.3024	1.333304	0.193481	2.65209
12378	-1847.49	-2129.453	281.963	1.31886	0.165614	4.089922
12384	-1850.009	-2131.262	281.2535	1.34103	0.1059635	4.603114
12390	-1846.803	-2128.971	282.1678	0.9954379	0.2451811	4.023434
12396	-1861.034	-2143.276	282.2425	1.34065	0.4448518	3.53312
12402	-1845.971	-2128.675	282.7041	1.164472	0.1656548	3.753562
12408	-1850.475	-2133.249	282.7741	1.107147	0.1618569	3.753562
12414	-1847.66	-2129.861	282.2008	1.126559	0.1133845	4.172482
12420	-1832.641	-2116.586	283.9454	1.334956	0.1511686	2.952302
12426	-1827.592	-2111.712	284.1206	1.305977	0.2034272	2.762038
12432	-1827.95	-2111.512	283.5614	1.172503	0.1578849	3.264117
12438	-1834.166	-2115.777	281.6112	1.162595	0.205469	4.307631
12444	-1837.976	-2118.595	280.6191	1.109992	0.1805734	4.936022
12450	-1846.561	-2128.524	281.9636	1.028944	0.165478	4.254546
12456	-1858.031	-2140.992	282.9609	1.404968	0.2128814	3.379432
12462	-1855.333	-2137.456	282.1231	1.185129	0.2205989	3.978901
12468	-1847.278	-2131.049	283.7714	1.334984	0.2218199	2.924124
12474	-1844.247	-2127.442	283.1947	1.300985	0.1824607	3.356986
12480	-1833.482	-2116.888	283.4061	1.23427	0.1804447	3.275573
12486	-1830.729	-2114.629	283.9008	1.332356	0.251495	2.798698
12492	-1834.473	-2119.333	284.8601	1.4974	0.2415155	2.107925
12498	-1826.376	-2109.767	283.3913	1.39573	0.1963272	3.159683
12504	-1823.851	-2107.354	283.5024	1.17328	0.2061827	3.208304
12510	-1833.339	-2116.788	283.4486	1.276284	0.1690443	3.247379
12516	-1831.148	-2113.779	282.6314	1.252684	0.192936	3.69449
12522	-1834.561	-2117.193	282.6317	1.206969	0.1188251	3.868115
12528	-1840.994	-2124.209	283.2151	1.268973	0.2056891	3.322306
12534	-1833.014	-2117.337	284.3226	1.392556	0.1627987	2.6635
12540	-1840.186	-2122.96	282.7733	1.244021	0.09327625	3.826279
12546	-1831.445	-2115.379	283.9334	1.523967	0.1948942	2.758828
12552	-1839.827	-2124.531	284.7044	1.569713	0.209673	2.21985
12558	-1835.005	-2120.104	285.099	1.670145	0.09987916	2.147312
12564	-1833.534	-2116.719	283.1853	1.518104	0.12884	3.343571
12570	-1834.94	-2117.631	282.6912	1.272888	0.1235572	3.785378
12576	-1841.234	-2123.499	282.2641	1.108557	0.1896366	3.994234
12582	-1837.702	-2118.775	281.0731	1.051219	0.166475	4.7411
12588	-1852.784	-2136.043	283.259	1.257151	0.1677826	3.372796
12594	-1854.451	-2137.238	282.787	1.370583	0.1488065	3.619701
12600	-1837.634	-2119.836	282.2026	1.352646	0.1485809	3.96708
12606	-1825.757	-2109.285	283.5283	1.279202	0.1317564	3.275769
12612	-1841.255	-2123.714	282.4598	1.121385	0.1925788	3.869595
12618	-1827.049	-2108.68	281.6314	1.232545	0.1925788	4.278462
12624	-1842.814	-2125.506	282.6919	1.310218	0.2594509	3.518334
12630	-1847.903	-2129.561	281.6582	1.224653	0.2753432	4.139336
12636	-1845.784	-2127.379	281.5957	1.152259	0.1743891	4.376308
12642	-1835.549	-2116.852	281.3031	1.078783	0.2455455	4.465775
12648	-1841.595	-2122.415	280.8202	0.9516684	0.2555842	4.793044
12654	-1837.895	-2118.597	280.7016	1.007818	0.2200635	4.88128
12660	-1832.746	-2116.385	283.6392	1.315376	0.2095131	3.036454
12666	-1843.606	-2127.466	283.8598	1.283369	0.1755727	2.985609
12672	-1834.725	-2118.723	283.998	1.356717	0.1867749	2.836474
12678	-1841.428	-2124.599	283.1708	1.28225	0.2919349	3.206536
12684	-1827.387	-2111.691	284.3048	1.28036	0.1780764	2.712659
12690	-1827.842	-2111.326	283.4834	1.314146	0.1887971	3.167098
12696	-1831.71	-2115.518	283.8087	1.346909	0.1861732	2.957964
